"Feature_Dimension","fastsaegpu","tipsae","fastsae","Practical_Significance"
"Inference Engine & Backend","NumPyro / JAX (Python C-API via Reticulate)","Stan / rstan (C++ via Rcpp)","INLA / Laplace Approximation (C / Fortran binaries)","Full Bayesian MCMC with modern tensor backend vs Classic Stan / INLA"
"Hardware Acceleration","Apple Silicon Metal (MPS), NVIDIA CUDA, Multithread CPU","CPU Only (Single-threaded per chain)","CPU Multithread (OpenMP / Pthreads)","Unlocks workstation GPU and unified memory for large Bayesian SAE surveys"
"Likelihood Families Supported","Gaussian, Binomial, Poisson, Beta, Neg-Binomial, Gamma","Beta, Flexible Beta, Zero/One-Inflated Beta","Gaussian, Binomial, Poisson, Neg-Binomial, Beta, Gamma","fastsaegpu covers diverse survey outcomes beyond proportions"
"Spatial Covariance Priors","Besag (ICAR), BYM, BYM2 (scaled), Leroux CAR","Besag York Mollié (BYM) via SpatialPolygonsDataFrame","Besag, BYM, BYM2, Generic1, SLM","Leroux and BYM2 prevent variance confounding; fastsaegpu avoids matrix inversion"
"Temporal Dynamic Priors","AR(1), RW(1), IID temporal dynamics","Random Walk 1 (RW1) domain-specific temporal error","AR(1), RW(1), RW(2), IID","Captures seasonal and multi-year trend persistence in survey panels"
"Spatio-Temporal Interaction","Separable, Type I-IV, Domain-Specific (Kronecker Contraction)","Additive spatial + temporal (No Kronecker interaction)","Separable, Domain-Specific, Type I-IV","Enables modeling localized space-time shocks without O(N^2) memory explosion"
"MCMC Sampling Method","Hamiltonian Monte Carlo / No-U-Turn Sampler (NUTS)","No-U-Turn Sampler (NUTS)","Deterministic Integrated Nested Laplace Approximation (INLA)","Exact posterior distributions for complex non-Gaussian hierarchies"
"Compilation / Acceleration","XLA Ahead-Of-Time / Just-In-Time GPU Kernel Fusion","C++ compilation via gcc/clang","Compiled sparse Cholesky / Pardiso solver","Dramatically reduces per-iteration leapfrog evaluation latency"
"Vectorized Parallel Chains","Yes (SIMD Vectorized across chains)","No (Sequential or CPU multi-process fork)","N/A (Deterministic Laplace Integration)","Runs 2-8 MCMC chains simultaneously on unified GPU memory"
"Computational Scaling (N > 500)","High (O(D x T) Kronecker tensor operations)","Moderate to Slow (Treedepth saturations on large N)","Very High (Fast sparse matrix factorizations)","Prevents Stan memory overflow and treedepth saturation in large national surveys"
"Small Area Indicator Output","Point estimate, posterior SE, MSE, CV/RSE%, Credible Intervals","Point estimate, posterior SD, quantiles (2.5% - 97.5%)","HB EBLUP, posterior SD, MSE, RSE%, Credible Intervals","Ready for official statistics reporting standards (BPS, Eurostat, US Census)"
"Direct Sampling Variance Handling","Direct vardir vector parameterization","Direct variance or effective sample size (neff)","Direct vardir vector parameterization","Handles heterogeneous survey sampling errors directly"
"Output S3 Methods","print, summary, coef, fitted, residuals","print, summary, extract, map, export, benchmark","print, summary, coef, fitted, residuals, autoplot, diagnose","Familiar R modeling ergonomics matching stats::lm and lme4"
