"domain","direct","est_fastsae","sd_fastsae","est_tipsae","sd_tipsae","est_fastsaegpu","sd_fastsaegpu","model","time"
"CARPI",0.115,0.101110533990501,0.016561709802549,0.0985773127499345,0.018962071113683,0.10166759043932,0.016498290002346,"Beta SAE (Non-spatial)",NA
"CASALECCHIO DI RENO",0.0469,0.0591731862799866,0.010370744780458,0.0551574043570131,0.00941302108711174,0.0580280534923077,0.00980741251260042,"Beta SAE (Non-spatial)",NA
"CASTELFRANCO EMILIA",0.0852,0.0805118132446628,0.0124983115190875,0.0783646019536808,0.0131647992335411,0.0804010257124901,0.0117093585431576,"Beta SAE (Non-spatial)",NA
"CASTELNUOVO NE' MONTI",0.1102,0.105854644009271,0.0177856874600302,0.103704547571716,0.0191101876814966,0.106360472738743,0.0164947118610144,"Beta SAE (Non-spatial)",NA
"CENTRO-NORD",0.0643,0.0805410348385682,0.010961656138894,0.0763398496952811,0.00956053814242461,0.0796496644616127,0.0118547352030873,"Beta SAE (Non-spatial)",NA
"CESENA - VALLE DEL SAVIO",0.152,0.135816315052769,0.0175476077708469,0.133678249273999,0.0194456834722782,0.136223182082176,0.0177814066410065,"Beta SAE (Non-spatial)",NA
"CITTA' DI BOLOGNA",0.0681,0.0680070805376764,0.0078458997982234,0.0666724908100901,0.0079808964894729,0.067847341299057,0.00784405041486025,"Beta SAE (Non-spatial)",NA
"CITTA' DI PIACENZA",0.1011,0.0958085901789984,0.0130908605091859,0.0943461936503194,0.0146231801602606,0.0957760065793991,0.0122357290238142,"Beta SAE (Non-spatial)",NA
"CORREGGIO",0.0832,0.0830062717458296,0.013585459296128,0.0799782362720592,0.0136612058704818,0.0815600752830505,0.0140294153243303,"Beta SAE (Non-spatial)",NA
"FAENZA",0.1086,0.0991989355664315,0.0148582448646041,0.097338620765247,0.0156382340506212,0.0999085083603859,0.0166200920939445,"Beta SAE (Non-spatial)",NA
"FIDENZA",0.0599,0.0642769853247876,0.0094513506327398,0.06236662651424,0.00954165639273667,0.0642058104276657,0.00969795603305101,"Beta SAE (Non-spatial)",NA
"FORLI'",0.1504,0.131903955426559,0.0155360895109167,0.129037994444407,0.0180799286768412,0.133204534649849,0.0156978871673346,"Beta SAE (Non-spatial)",NA
"GUASTALLA",0.1091,0.0819606099603309,0.0168606556700321,0.0761271129271664,0.018873809725134,0.0815837010741234,0.016323983669281,"Beta SAE (Non-spatial)",NA
"IMOLA",0.0692,0.0692493983865175,0.0115634867254531,0.0672176675706636,0.0122083683775824,0.0688040554523468,0.0117956856265664,"Beta SAE (Non-spatial)",NA
"LEVANTE",0.0697,0.0815250868821733,0.0115541749174182,0.0778712825237848,0.0105568514742618,0.0806841477751732,0.0112438164651394,"Beta SAE (Non-spatial)",NA
"LUGO",0.0748,0.0803102445556025,0.0125053537170669,0.0779448507075605,0.0121471009151032,0.080018900334835,0.0129348021000624,"Beta SAE (Non-spatial)",NA
"MIRANDOLA",0.0822,0.0827435485763479,0.0135203550143641,0.080845035616262,0.0132622764556148,0.0828241556882858,0.01436154730618,"Beta SAE (Non-spatial)",NA
"MODENA",0.0654,0.0678759916112613,0.00925953893831102,0.0664896669824312,0.0094617758893992,0.0676854476332664,0.00954531040042639,"Beta SAE (Non-spatial)",NA
"MONTECCHIO",0.0995,0.0780009835210158,0.0160610715276867,0.073405799816649,0.01792523675225,0.0775806829333305,0.0162101369351149,"Beta SAE (Non-spatial)",NA
"OVEST",0.0768,0.0777718207496054,0.0142247188876525,0.0758383545181605,0.0144020106767551,0.0779928117990494,0.014827124774456,"Beta SAE (Non-spatial)",NA
"PARMA",0.0712,0.0781636185066746,0.00781424534860001,0.0759495130990241,0.00743510616226242,0.0778834670782089,0.0080948518589139,"Beta SAE (Non-spatial)",NA
"PAVULLO NEL FRIGNANO",0.0702,0.0764298968931202,0.012600512471899,0.0746048805494275,0.0124909434430884,0.0759966149926186,0.0128230908885598,"Beta SAE (Non-spatial)",NA
"PIANURA EST",0.0636,0.0681998150292365,0.0099395686283931,0.0660331546194697,0.00961124462455851,0.0679071322083473,0.0105989221483469,"Beta SAE (Non-spatial)",NA
"PIANURA OVEST",0.0685,0.0893100293153851,0.0154604921658883,0.0848051508451609,0.0144258265503612,0.0883403643965721,0.0153999030590057,"Beta SAE (Non-spatial)",NA
"PONENTE",0.09,0.0844406809439045,0.0147845437552612,0.0827784347000952,0.014777804964526,0.0841128304600716,0.0146524487063289,"Beta SAE (Non-spatial)",NA
"PORRETTA TERME",0.1174,0.0938966627894287,0.0174833396028786,0.0912163997170061,0.0197578141487289,0.0955474823713303,0.0183328557759523,"Beta SAE (Non-spatial)",NA
"RAVENNA",0.1008,0.101292404984912,0.0100611140168426,0.100154705511095,0.0103430157390895,0.101052515208721,0.0103255622088909,"Beta SAE (Non-spatial)",NA
"REGGIO EMILIA",0.122,0.116347360928938,0.012440462036029,0.113672263692768,0.0142410038574861,0.115806445479393,0.0126618500798941,"Beta SAE (Non-spatial)",NA
"RICCIONE",0.1379,0.129443567890144,0.0205121466976847,0.125150061152679,0.0221035712461672,0.128307268023491,0.0201047584414482,"Beta SAE (Non-spatial)",NA
"RIMINI",0.1182,0.114951775259309,0.0125321200693987,0.113199868999566,0.0131864870305285,0.114688277244568,0.0119301602244377,"Beta SAE (Non-spatial)",NA
"RUBICONE",0.14,0.124799422625252,0.0205917954459013,0.122470184600398,0.0217251490057614,0.124874241650105,0.0218412447720766,"Beta SAE (Non-spatial)",NA
"SAN LAZZARO DI SAVENA",0.0318,0.0382217125064165,0.00788106535712468,0.0354722702592058,0.00715476825462074,0.0381505899131298,0.00794854108244181,"Beta SAE (Non-spatial)",NA
"SASSUOLO",0.0526,0.0635282700600327,0.00993889877877789,0.0601902921201633,0.00848161723796831,0.0635571777820587,0.0102145997807384,"Beta SAE (Non-spatial)",NA
"SCANDIANO",0.1074,0.108716406656386,0.0163102718528826,0.105925455167012,0.0168403425609732,0.10756054520607,0.016931926831603,"Beta SAE (Non-spatial)",NA
"SUD EST",0.0295,0.0446118662841796,0.00840100457639712,0.0394636195135342,0.00717750973226499,0.0442538596689701,0.00799163617193699,"Beta SAE (Non-spatial)",NA
"SUD-EST",0.095,0.0985802445139166,0.0161841412843429,0.0961613271405583,0.0161508708222778,0.0978914052248001,0.0162451155483723,"Beta SAE (Non-spatial)",NA
"VALLI TARO E CENO",0.1112,0.0885202606340149,0.0170879432317899,0.0856448553046348,0.0199665612897096,0.0891419798135757,0.0177734978497028,"Beta SAE (Non-spatial)",NA
"VIGNOLA",0.0643,0.0820564838502634,0.0122845651793079,0.0778023482011613,0.0104226438764737,0.0810371860861778,0.0128373969346285,"Beta SAE (Non-spatial)",NA
"CARPI",0.115,0.0933579140519044,0.0129918972598209,0.0936479640428275,0.0164502136730086,0.0936850160360336,0.0136384852230549,"Spatial Beta SAE",NA
"CASALECCHIO DI RENO",0.0469,0.0604151138393551,0.00796073465699014,0.0561700557492832,0.00839492610277385,0.0601983219385147,0.00843276269733906,"Spatial Beta SAE",NA
"CASTELFRANCO EMILIA",0.0852,0.0745723319342106,0.00938110487914221,0.0745332339410006,0.0120586326476595,0.0747625231742859,0.00977808050811291,"Spatial Beta SAE",NA
"CASTELNUOVO NE' MONTI",0.1102,0.0968315319280448,0.0136233277564984,0.0972174098838702,0.017636586376999,0.0973040089011192,0.0139496363699436,"Spatial Beta SAE",NA
"CENTRO-NORD",0.0643,0.0777931924536904,0.0105197610953137,0.0744111257371061,0.0100683657707722,0.0772700160741806,0.010629078373313,"Spatial Beta SAE",NA
"CESENA - VALLE DEL SAVIO",0.152,0.140173038330666,0.0156385174123718,0.138780359250375,0.0175412729287333,0.141366079449654,0.0153431743383408,"Spatial Beta SAE",NA
"CITTA' DI BOLOGNA",0.0681,0.0655230309297024,0.00715333381158334,0.0654415659574201,0.00794001997872588,0.0655809119343758,0.00760908424854279,"Spatial Beta SAE",NA
"CITTA' DI PIACENZA",0.1011,0.0933131784151091,0.0136943971893226,0.0919432985776288,0.0146873108816587,0.0935971811413765,0.0132274338975549,"Spatial Beta SAE",NA
"CORREGGIO",0.0832,0.0872419060479377,0.0121603060179382,0.0827360790531042,0.0131811169654452,0.0873465836048126,0.0126311564818025,"Spatial Beta SAE",NA
"FAENZA",0.1086,0.102255942057855,0.0130492582932251,0.101503777632741,0.0154654309528596,0.102971889078617,0.0141696324571967,"Spatial Beta SAE",NA
"FIDENZA",0.0599,0.061862933334073,0.0084432482796617,0.060165076416572,0.00902384266999056,0.0620599016547203,0.00872837565839291,"Spatial Beta SAE",NA
"FORLI'",0.1504,0.134513552961799,0.0149331772501296,0.133754525637728,0.0178194213942896,0.135086849331856,0.0145770329982042,"Spatial Beta SAE",NA
"GUASTALLA",0.1091,0.0796930979531579,0.0139575988584049,0.0766081932577425,0.0174779154998885,0.0800478905439377,0.0137214474380016,"Spatial Beta SAE",NA
"IMOLA",0.0692,0.0701171447771719,0.0094816454932946,0.0681965242631398,0.0106979217948152,0.07005225867033,0.00959537643939257,"Spatial Beta SAE",NA
"LEVANTE",0.0697,0.082289620811522,0.0107422468021941,0.0777872789892334,0.0104008370287545,0.0816884860396385,0.0108729945495725,"Spatial Beta SAE",NA
"LUGO",0.0748,0.0841972823325986,0.0112424871683211,0.0812873790692395,0.0111854193061741,0.0839886963367462,0.0114928279072046,"Spatial Beta SAE",NA
"MIRANDOLA",0.0822,0.079855212043615,0.0115925037743776,0.0787929252334744,0.0135332217500021,0.079973615705967,0.0120774367824197,"Spatial Beta SAE",NA
"MODENA",0.0654,0.0688278300777088,0.00805142784230668,0.066477068183115,0.00854109670344209,0.0687681436538696,0.00790504738688469,"Spatial Beta SAE",NA
"MONTECCHIO",0.0995,0.0733471549847387,0.0119688753709393,0.0710084411662718,0.0153801210630018,0.0741911008954048,0.0122278882190585,"Spatial Beta SAE",NA
"OVEST",0.0768,0.0702316486508748,0.0111948403670903,0.0706635481015617,0.014012642745077,0.0702334567904472,0.0117087410762906,"Spatial Beta SAE",NA
"PARMA",0.0712,0.0785935392243026,0.0076123379694627,0.0757369838718759,0.00700222798120116,0.0787018835544586,0.00795661844313145,"Spatial Beta SAE",NA
"PAVULLO NEL FRIGNANO",0.0702,0.0716556175866542,0.0114578503742023,0.0704628646342146,0.0124949362981423,0.0716457664966583,0.0122987143695354,"Spatial Beta SAE",NA
"PIANURA EST",0.0636,0.0666110003175211,0.0075904599015297,0.0653262837144858,0.00862896945854383,0.06621303409338,0.0077991015277803,"Spatial Beta SAE",NA
"PIANURA OVEST",0.0685,0.08439073757614,0.0116375407883008,0.0821497589214697,0.0120770390230651,0.0840079411864281,0.0114826858043671,"Spatial Beta SAE",NA
"PONENTE",0.09,0.0838656324257119,0.0155185146855697,0.0822691490137587,0.0165514112465683,0.0842003673315048,0.0160033833235502,"Spatial Beta SAE",NA
"PORRETTA TERME",0.1174,0.0779589492108417,0.0130316571735301,0.0783889160867977,0.0182212451973555,0.0788046270608902,0.0132916029542685,"Spatial Beta SAE",NA
"RAVENNA",0.1008,0.10746790619377,0.0091134495824542,0.103696173175688,0.00970721903656498,0.106966942548752,0.00911465939134359,"Spatial Beta SAE",NA
"REGGIO EMILIA",0.122,0.109982946266674,0.0117278403844144,0.109973879698899,0.0134471088526766,0.110201925039291,0.0121525237336755,"Spatial Beta SAE",NA
"RICCIONE",0.1379,0.138029825404668,0.0233401678958371,0.135514500252247,0.024692945664559,0.13719579577446,0.0232330746948719,"Spatial Beta SAE",NA
"RIMINI",0.1182,0.121854657246895,0.0122707244935908,0.11887267987655,0.0132058453715307,0.121441848576069,0.012202269397676,"Spatial Beta SAE",NA
"RUBICONE",0.14,0.133142848105948,0.0189569887987251,0.132290840324685,0.0217812503454554,0.132792234420776,0.0184014551341534,"Spatial Beta SAE",NA
"SAN LAZZARO DI SAVENA",0.0318,0.0436882405732381,0.00730592783858957,0.0386340353419362,0.00642737636618602,0.0434143580496311,0.00734719121828675,"Spatial Beta SAE",NA
"SASSUOLO",0.0526,0.0662708580005557,0.00851889966839246,0.0613107692887993,0.00803528482301183,0.0655848607420921,0.00864506419748068,"Spatial Beta SAE",NA
"SCANDIANO",0.1074,0.102285457123497,0.0127212461966907,0.102188272055832,0.0156648815458594,0.102508127689362,0.0131724188104272,"Spatial Beta SAE",NA
"SUD EST",0.0295,0.050601325636537,0.00787050528403512,0.0428143250820511,0.00620615529646537,0.0505986511707306,0.00834469590336084,"Spatial Beta SAE",NA
"SUD-EST",0.095,0.0901341871769564,0.0121855675053926,0.0923521493739585,0.0147328003869816,0.0897963866591454,0.0122394151985645,"Spatial Beta SAE",NA
"VALLI TARO E CENO",0.1112,0.0759582535013942,0.0142694087769773,0.0748389733007026,0.0181168566746192,0.0768223702907562,0.0148154217749834,"Spatial Beta SAE",NA
"VIGNOLA",0.0643,0.0817411051376969,0.0104042561952023,0.0767087732272452,0.0100578336201591,0.0813795700669289,0.0109804822131991,"Spatial Beta SAE",NA
"CARPI",0.08,0.0941151313786782,0.00806542637760242,0.0868871975017829,0.00858878696654488,0.0939792767167091,0.00886229518800974,"Spatio-Temporal Beta SAE",2014
"CARPI",0.0998,0.0972090413484291,0.00808627073539989,0.0905276612987759,0.00871100299724912,0.0945558771491051,0.00842045992612839,"Spatio-Temporal Beta SAE",2015
"CARPI",0.115,0.101272894446719,0.00839731000819862,0.0946723866514113,0.00927398997473566,0.0914692357182503,0.00828592199832201,"Spatio-Temporal Beta SAE",2016
"CARPI",0.106,0.0956655965462904,0.00805881852315372,0.0920744760634704,0.00823757246911057,0.100686870515347,0.0092578399926424,"Spatio-Temporal Beta SAE",2017
"CARPI",0.122,0.114350287963135,0.00990731825398287,0.113980092202324,0.0100252824692563,0.119312360882759,0.011093626730144,"Spatio-Temporal Beta SAE",2018
"CASALECCHIO DI RENO",0.0404,0.0602166576833959,0.00523253249267652,0.0516107100239393,0.00465641158228503,0.0606506280601025,0.0053606852889061,"Spatio-Temporal Beta SAE",2014
"CASALECCHIO DI RENO",0.0382,0.0612834211146227,0.00517668440094535,0.0540893520599534,0.00424923288428526,0.0596762076020241,0.0052222409285605,"Spatio-Temporal Beta SAE",2015
"CASALECCHIO DI RENO",0.0469,0.0602867165878606,0.00515997637011121,0.057244651828765,0.00505659413204249,0.054543100297451,0.0051929303444922,"Spatio-Temporal Beta SAE",2016
"CASALECCHIO DI RENO",0.0733,0.061787068961035,0.00545473078380844,0.0623741697994062,0.00688618314810497,0.0657869502902031,0.00602193921804428,"Spatio-Temporal Beta SAE",2017
"CASALECCHIO DI RENO",0.078,0.0674179346159269,0.00632212404024409,0.0711209137632383,0.00839573702659504,0.0714765712618828,0.00677822390571237,"Spatio-Temporal Beta SAE",2018
"CASTELFRANCO EMILIA",0.0921,0.0772403421514044,0.00707172212587222,0.0820301232598084,0.00955971797514879,0.078430250287056,0.00760969053953886,"Spatio-Temporal Beta SAE",2014
"CASTELFRANCO EMILIA",0.1238,0.0923627470575115,0.00766991399533493,0.100008386619178,0.010290524174599,0.0903517156839371,0.00852806586772203,"Spatio-Temporal Beta SAE",2015
"CASTELFRANCO EMILIA",0.0852,0.0836977846526606,0.00678573447805847,0.0850698902839493,0.00922364602827041,0.0757518634200096,0.00730055710300803,"Spatio-Temporal Beta SAE",2016
"CASTELFRANCO EMILIA",0.0899,0.0920520879434135,0.00734844848169551,0.0894061231202664,0.00838688403976664,0.0966439172625542,0.00859384518116713,"Spatio-Temporal Beta SAE",2017
"CASTELFRANCO EMILIA",0.075,0.0944437686492998,0.00779931209537348,0.0885082934920719,0.00872877010907699,0.0983005464076996,0.00906393211334944,"Spatio-Temporal Beta SAE",2018
"CASTELNUOVO NE' MONTI",0.116,0.110079886966691,0.0099508417491952,0.10493180381236,0.0114046959528555,0.110292434692383,0.0102701364085078,"Spatio-Temporal Beta SAE",2014
"CASTELNUOVO NE' MONTI",0.0897,0.104166448113035,0.00912518371884601,0.0995695436416139,0.0101107120688958,0.101375848054886,0.00945605989545584,"Spatio-Temporal Beta SAE",2015
"CASTELNUOVO NE' MONTI",0.1102,0.106163963693844,0.00917576921648614,0.106429227221037,0.0111657469917406,0.0956946536898613,0.00884193833917379,"Spatio-Temporal Beta SAE",2016
"CASTELNUOVO NE' MONTI",0.1318,0.128844315521218,0.0112650966155837,0.13482542226095,0.0140773078980056,0.133995190262794,0.0107719320803881,"Spatio-Temporal Beta SAE",2017
"CASTELNUOVO NE' MONTI",0.133,0.123484429065463,0.0108916469447828,0.125332764964269,0.0160276222685985,0.128082752227783,0.0115992892533541,"Spatio-Temporal Beta SAE",2018
"CENTRO-NORD",0.0886,0.0862750820091898,0.00687556793066909,0.0805495731029866,0.00806763776278475,0.087014764547348,0.0073373313061893,"Spatio-Temporal Beta SAE",2014
"CENTRO-NORD",0.0624,0.0707093985781811,0.00590814962932607,0.0640257369765183,0.00611317403588827,0.0692726373672485,0.00644519925117493,"Spatio-Temporal Beta SAE",2015
"CENTRO-NORD",0.0643,0.0964311001805988,0.00731001325664966,0.0876730560171413,0.00641388596253905,0.087144523859024,0.00812533497810364,"Spatio-Temporal Beta SAE",2016
"CENTRO-NORD",0.1105,0.0915710233830993,0.00694853063874815,0.0940141067827167,0.0076471534739191,0.0963894054293633,0.00767113966867328,"Spatio-Temporal Beta SAE",2017
"CENTRO-NORD",0.096,0.0873339633578882,0.00752709360754919,0.090820016434472,0.00816201450799634,0.0913510918617249,0.00807871017605066,"Spatio-Temporal Beta SAE",2018
"CESENA - VALLE DEL SAVIO",0.1543,0.141239919329055,0.011252316498678,0.143813478785899,0.0152834246972373,0.142713114619255,0.0122525198385119,"Spatio-Temporal Beta SAE",2014
"CESENA - VALLE DEL SAVIO",0.1373,0.133009498945668,0.010106079265107,0.133148647135212,0.0106691205555769,0.13163223862648,0.0109890904277563,"Spatio-Temporal Beta SAE",2015
"CESENA - VALLE DEL SAVIO",0.152,0.142895414029857,0.010217260523337,0.1406967279331,0.0108436063695875,0.132457792758942,0.0108331050723791,"Spatio-Temporal Beta SAE",2016
"CESENA - VALLE DEL SAVIO",0.1329,0.153339888046885,0.0114175613468567,0.149203797462695,0.0117875257806858,0.157380014657974,0.0122148944064975,"Spatio-Temporal Beta SAE",2017
"CESENA - VALLE DEL SAVIO",0.104,0.0972894485056783,0.00884237402850253,0.0969400049862201,0.0102139462220985,0.0998298302292824,0.00979264453053474,"Spatio-Temporal Beta SAE",2018
"CITTA' DI BOLOGNA",0.0825,0.0844162391753063,0.00543347562774259,0.080759813928275,0.00618672942833172,0.0847740471363068,0.00543029746040702,"Spatio-Temporal Beta SAE",2014
"CITTA' DI BOLOGNA",0.0737,0.0782964775161954,0.00470936304641563,0.0744417286495664,0.00432865802354745,0.0766062587499619,0.00513874553143978,"Spatio-Temporal Beta SAE",2015
"CITTA' DI BOLOGNA",0.0681,0.0788866170920864,0.00471346742138569,0.075395571591632,0.00510412914463941,0.0715740919113159,0.00517713185399771,"Spatio-Temporal Beta SAE",2016
"CITTA' DI BOLOGNA",0.1005,0.0964519979948867,0.00591455545959218,0.0970560389232667,0.00820297257526727,0.101128838956356,0.00624318281188607,"Spatio-Temporal Beta SAE",2017
"CITTA' DI BOLOGNA",0.112,0.0864385067017363,0.0068766754301648,0.090096101938479,0.0107600765095339,0.0908939838409424,0.00737347872927785,"Spatio-Temporal Beta SAE",2018
"CITTA' DI PIACENZA",0.1055,0.0999315090052932,0.00995752777130126,0.0998706511583873,0.0102829692569286,0.101375304162502,0.010686531662941,"Spatio-Temporal Beta SAE",2014
"CITTA' DI PIACENZA",0.0985,0.105163069002018,0.00937227748944563,0.103238721798617,0.00947110828473102,0.102887414395809,0.00976876448839903,"Spatio-Temporal Beta SAE",2015
"CITTA' DI PIACENZA",0.1011,0.0991112880508218,0.00902305100056811,0.0963290085964185,0.00955010003602711,0.0903959944844246,0.00934595707803965,"Spatio-Temporal Beta SAE",2016
"CITTA' DI PIACENZA",0.132,0.1138027785367,0.0101895783477104,0.110221857564596,0.00931252814376531,0.119520492851734,0.0109963957220316,"Spatio-Temporal Beta SAE",2017
"CITTA' DI PIACENZA",0.091,0.109743987442493,0.0103813736582528,0.100416551159045,0.00875036450912025,0.113178938627243,0.0107082985341549,"Spatio-Temporal Beta SAE",2018
"CORREGGIO",0.0944,0.111903594968712,0.0103823884541017,0.106610575725061,0.0091607949731838,0.112178392708302,0.0116363689303398,"Spatio-Temporal Beta SAE",2014
"CORREGGIO",0.0775,0.100556027568576,0.00878801056389629,0.095025302685556,0.00817137562328544,0.0985009670257568,0.00911582168191671,"Spatio-Temporal Beta SAE",2015
"CORREGGIO",0.0832,0.0979465449862001,0.00852160688549073,0.0958160077452775,0.00906016484270745,0.0892952084541321,0.00824790820479393,"Spatio-Temporal Beta SAE",2016
"CORREGGIO",0.1265,0.103491939404522,0.00912388987897395,0.106380456800314,0.0110061903458996,0.109775237739086,0.0101438323035836,"Spatio-Temporal Beta SAE",2017
"CORREGGIO",0.134,0.121486303933315,0.0111301364849855,0.124859974514983,0.0150021012653591,0.127258688211441,0.0122118778526783,"Spatio-Temporal Beta SAE",2018
"FAENZA",0.1505,0.14201692396927,0.0118255603252015,0.140369897296828,0.0130596106913296,0.143815934658051,0.0115576721727848,"Spatio-Temporal Beta SAE",2014
"FAENZA",0.1651,0.144933849261086,0.0113763712946262,0.143056005085785,0.0126741544609776,0.143328323960304,0.0117471683770418,"Spatio-Temporal Beta SAE",2015
"FAENZA",0.1086,0.119435201203631,0.00937700774672941,0.116229186085309,0.00991123032774963,0.110612027347088,0.00883616600185633,"Spatio-Temporal Beta SAE",2016
"FAENZA",0.1168,0.104426698811539,0.00862140636881165,0.104730214362579,0.0103455851248214,0.109488502144814,0.00913017615675926,"Spatio-Temporal Beta SAE",2017
"FAENZA",0.101,0.11067075752525,0.0097232317530751,0.112998445772527,0.012922628160642,0.113380774855614,0.0108317267149687,"Spatio-Temporal Beta SAE",2018
"FIDENZA",0.0727,0.077416311898072,0.00676380706802085,0.0738526798782135,0.00702064798934927,0.0777947008609772,0.00762732559815049,"Spatio-Temporal Beta SAE",2014
"FIDENZA",0.0659,0.0712786095119732,0.00589777298521178,0.0681600467172092,0.00558783632960773,0.0697123184800148,0.00655569648370147,"Spatio-Temporal Beta SAE",2015
"FIDENZA",0.0599,0.0711041007115176,0.00585479462043664,0.0697163991555794,0.00539279269787362,0.0645334273576736,0.00603026477620006,"Spatio-Temporal Beta SAE",2016
"FIDENZA",0.083,0.0836782743750856,0.00692945426391319,0.0850083379949697,0.00847411771083568,0.0884097963571548,0.0079447440803051,"Spatio-Temporal Beta SAE",2017
"FIDENZA",0.11,0.0930799975246771,0.00863088056651303,0.0944244529603097,0.011651572530178,0.0981276482343674,0.00882238987833261,"Spatio-Temporal Beta SAE",2018
"FORLI'",0.1636,0.139701411275595,0.011012608904243,0.13691058464602,0.0147856851841275,0.141649156808853,0.0123444106429815,"Spatio-Temporal Beta SAE",2014
"FORLI'",0.144,0.153595994923286,0.010301839280139,0.148460493202943,0.0105734126695916,0.151919171214104,0.0107080359011889,"Spatio-Temporal Beta SAE",2015
"FORLI'",0.1504,0.130794136144679,0.00913078880043181,0.126558393735653,0.0103806015024687,0.121978059411049,0.00938885193318129,"Spatio-Temporal Beta SAE",2016
"FORLI'",0.1265,0.133525857214825,0.00925322144467813,0.131443579691752,0.00999798031398305,0.137934550642967,0.00952270068228245,"Spatio-Temporal Beta SAE",2017
"FORLI'",0.078,0.0977514981899937,0.00875987157807497,0.0948607133110323,0.0082200901089092,0.0996303260326385,0.00945046730339527,"Spatio-Temporal Beta SAE",2018
"GUASTALLA",0.0922,0.0985586009214968,0.0103310762393582,0.099071548862399,0.012059168900037,0.0985062047839165,0.0118333688005805,"Spatio-Temporal Beta SAE",2014
"GUASTALLA",0.1012,0.111469994488205,0.0111399244154567,0.112063175581908,0.0140027493083341,0.1086171194911,0.0118053918704391,"Spatio-Temporal Beta SAE",2015
"GUASTALLA",0.1091,0.0981032792743936,0.0100387871718456,0.0994299083452371,0.0114702445174373,0.0891757756471634,0.0103001678362489,"Spatio-Temporal Beta SAE",2016
"GUASTALLA",0.1198,0.0965872891214338,0.0101680061435029,0.0967971991460988,0.0114221618309539,0.102132841944695,0.0113210557028651,"Spatio-Temporal Beta SAE",2017
"GUASTALLA",0.116,0.107785135594664,0.0113377897623098,0.106707040619839,0.0143259317887782,0.11268474906683,0.011448297649622,"Spatio-Temporal Beta SAE",2018
"IMOLA",0.1033,0.0899666288100837,0.00790428485576996,0.092919052363772,0.00965552639658121,0.0907598584890366,0.00841354764997959,"Spatio-Temporal Beta SAE",2014
"IMOLA",0.0961,0.088153075336919,0.0073156724384088,0.088774798881221,0.00764866075130292,0.0862398371100426,0.00746055599302053,"Spatio-Temporal Beta SAE",2015
"IMOLA",0.0692,0.0794754841989688,0.00648147546384139,0.0765304377515872,0.00636993539625317,0.0719934552907944,0.00641387840732932,"Spatio-Temporal Beta SAE",2016
"IMOLA",0.0691,0.0790899365722961,0.00642790573644269,0.0768906111114968,0.00587900995646222,0.082254022359848,0.00681472942233086,"Spatio-Temporal Beta SAE",2017
"IMOLA",0.062,0.0748800289455044,0.00644997598593855,0.0716418485191954,0.00608777938931399,0.0770191997289658,0.00683261128142476,"Spatio-Temporal Beta SAE",2018
"LEVANTE",0.1057,0.0993739805449646,0.00844036427840514,0.103434541114984,0.00959776494102733,0.100365176796913,0.00913901161402464,"Spatio-Temporal Beta SAE",2014
"LEVANTE",0.0941,0.0905412106143246,0.00729488751914577,0.0911348171998314,0.00864239382557754,0.0887249782681465,0.00806657131761312,"Spatio-Temporal Beta SAE",2015
"LEVANTE",0.0697,0.0979722609338476,0.00772059450546142,0.0938328159215671,0.00714416663991704,0.0884405374526978,0.00741893192753196,"Spatio-Temporal Beta SAE",2016
"LEVANTE",0.0936,0.0982466338454611,0.0077859467874047,0.0996419764669825,0.00882554665823056,0.103198260068893,0.00857217237353325,"Spatio-Temporal Beta SAE",2017
"LEVANTE",0.122,0.104573326120511,0.00904744377072858,0.107812107103437,0.010398527697094,0.10943453758955,0.00934552121907473,"Spatio-Temporal Beta SAE",2018
"LUGO",0.0918,0.0956809534357513,0.00825278960935808,0.0946287222503987,0.0103409327122241,0.0972884371876717,0.008629503659904,"Spatio-Temporal Beta SAE",2014
"LUGO",0.0893,0.092274719851964,0.00768468213004239,0.09023558691206,0.00828317705465716,0.0910967439413071,0.00774606550112367,"Spatio-Temporal Beta SAE",2015
"LUGO",0.0748,0.0995310204999362,0.0080315193624514,0.0950547246412109,0.00897084582427951,0.0915765762329102,0.00818337220698595,"Spatio-Temporal Beta SAE",2016
"LUGO",0.1208,0.102042802792506,0.00859233420953969,0.101700154036291,0.00966830599689194,0.107565484941006,0.00964133720844984,"Spatio-Temporal Beta SAE",2017
"LUGO",0.11,0.104556798030323,0.00946613216361735,0.109698653425762,0.0116238579873653,0.108354531228542,0.0106993783265352,"Spatio-Temporal Beta SAE",2018
"MIRANDOLA",0.1214,0.0923180399066257,0.00910867423369878,0.0933683304632562,0.0109224623650289,0.0932828485965729,0.0101394131779671,"Spatio-Temporal Beta SAE",2014
"MIRANDOLA",0.0849,0.102047887313183,0.00939888841864877,0.0998959925921584,0.00950759644087154,0.0994292050600052,0.00960362423211336,"Spatio-Temporal Beta SAE",2015
"MIRANDOLA",0.0822,0.0910447203143583,0.00827477802989462,0.0882034512477215,0.00923869464237237,0.0824621245265007,0.00780737167224288,"Spatio-Temporal Beta SAE",2016
"MIRANDOLA",0.0945,0.0896922665455802,0.00833234566458909,0.0881421019312217,0.00918489406356345,0.094793014228344,0.00917184259742498,"Spatio-Temporal Beta SAE",2017
"MIRANDOLA",0.09,0.0821058637872895,0.00830216217194122,0.0833318868214214,0.00989175973072215,0.0869386196136475,0.00941722560673952,"Spatio-Temporal Beta SAE",2018
"MODENA",0.0774,0.0785716372981809,0.006039844173107,0.077885563277294,0.00816910074006808,0.0795736983418465,0.00679124752059579,"Spatio-Temporal Beta SAE",2014
"MODENA",0.0663,0.0667168812515358,0.00508907373403693,0.0646062968061845,0.00559691665226446,0.0657636895775795,0.00547643192112446,"Spatio-Temporal Beta SAE",2015
"MODENA",0.0654,0.0762361086321493,0.00527022905517652,0.0737716886848898,0.00547726511771016,0.0691120028495789,0.00548285339027643,"Spatio-Temporal Beta SAE",2016
"MODENA",0.0805,0.0814295616226803,0.00565439682165713,0.0808330251032487,0.00698277173622649,0.0856474041938782,0.00643427483737469,"Spatio-Temporal Beta SAE",2017
"MODENA",0.087,0.0860817146057294,0.00633184652072873,0.086944727465117,0.00863508968949311,0.0895361676812172,0.00701708206906915,"Spatio-Temporal Beta SAE",2018
"MONTECCHIO",0.1003,0.103646337878146,0.010398270793045,0.103936234825191,0.0131591574200242,0.103639140725136,0.0111947627738118,"Spatio-Temporal Beta SAE",2014
"MONTECCHIO",0.0925,0.0959934601795948,0.00940372908561151,0.0960597346198612,0.0112225988971625,0.0934905931353569,0.00986004713922739,"Spatio-Temporal Beta SAE",2015
"MONTECCHIO",0.0995,0.0856595606828702,0.008638045429121,0.0842017318568254,0.00924136522945179,0.0773877426981926,0.00826004333794117,"Spatio-Temporal Beta SAE",2016
"MONTECCHIO",0.1085,0.115045565452646,0.0109238044077051,0.110893773768262,0.0117018223738115,0.119969636201859,0.0113487374037504,"Spatio-Temporal Beta SAE",2017
"MONTECCHIO",0.108,0.110122134550814,0.0106444088030961,0.103717877080422,0.0138510659564357,0.114586561918259,0.0116746174171567,"Spatio-Temporal Beta SAE",2018
"OVEST",0.0926,0.0839933599737621,0.00896522791988886,0.0855715483006643,0.0115594419600298,0.0847509428858757,0.00890178140252829,"Spatio-Temporal Beta SAE",2014
"OVEST",0.0729,0.0840491092357779,0.00864427132197243,0.0849040836844278,0.00898345372119125,0.0819051861763,0.00830908957868814,"Spatio-Temporal Beta SAE",2015
"OVEST",0.0768,0.0818786744575421,0.00834485165927525,0.0802944610679183,0.0094256456041882,0.0740640982985497,0.00777309713885188,"Spatio-Temporal Beta SAE",2016
"OVEST",0.0989,0.097617486841009,0.00992633434730279,0.0945807017329478,0.0120355471705821,0.102802604436874,0.0103159323334694,"Spatio-Temporal Beta SAE",2017
"OVEST",0.086,0.0846203336451381,0.00906198877396129,0.0818680596025469,0.0110894602027477,0.0890506133437157,0.00990845542401075,"Spatio-Temporal Beta SAE",2018
"PARMA",0.0631,0.0686621185712482,0.00505420053688716,0.0679048456607497,0.00471551446768541,0.0696883127093315,0.00574159622192383,"Spatio-Temporal Beta SAE",2014
"PARMA",0.0745,0.0724586079628623,0.00470023665744252,0.0714847255892957,0.00467601858536924,0.0717152133584023,0.00506016099825501,"Spatio-Temporal Beta SAE",2015
"PARMA",0.0712,0.0889064492631557,0.00540565021640565,0.0838645383449574,0.0051949650940884,0.081132136285305,0.00562327308580279,"Spatio-Temporal Beta SAE",2016
"PARMA",0.1015,0.092077422138826,0.00555046746971391,0.0917579183262299,0.00705668471756258,0.097348727285862,0.0062200240790844,"Spatio-Temporal Beta SAE",2017
"PARMA",0.116,0.10593254469028,0.00737598606405559,0.105865196046627,0.00911049968112382,0.110758118331432,0.00790260173380375,"Spatio-Temporal Beta SAE",2018
"PAVULLO NEL FRIGNANO",0.0794,0.0856348699843825,0.00906577598252162,0.0805844689106696,0.0104247720938822,0.086782306432724,0.0093660382553935,"Spatio-Temporal Beta SAE",2014
"PAVULLO NEL FRIGNANO",0.0729,0.0867495520048307,0.00866670418505924,0.0829527777005885,0.00828125318927266,0.0849956646561623,0.0086511829867959,"Spatio-Temporal Beta SAE",2015
"PAVULLO NEL FRIGNANO",0.0702,0.0829292148182184,0.0082170064699943,0.079916728674322,0.00930093190048868,0.0753510892391205,0.00793755427002907,"Spatio-Temporal Beta SAE",2016
"PAVULLO NEL FRIGNANO",0.0923,0.0810112429791453,0.00833787934953202,0.0817159924523365,0.0081641074009379,0.0864329636096954,0.0090283714234829,"Spatio-Temporal Beta SAE",2017
"PAVULLO NEL FRIGNANO",0.104,0.0958771803572069,0.0103765335535073,0.0971704402521775,0.0128523121589635,0.101079672574997,0.0110948914662004,"Spatio-Temporal Beta SAE",2018
"PIANURA EST",0.0633,0.0670347762819343,0.00495621920957883,0.0623758337591969,0.0062734776642326,0.0678570121526718,0.00562745938077569,"Spatio-Temporal Beta SAE",2014
"PIANURA EST",0.057,0.0711480739472968,0.00499439289687443,0.0658190513125367,0.0057526077045889,0.0695288255810738,0.00521345296874642,"Spatio-Temporal Beta SAE",2015
"PIANURA EST",0.0636,0.0727245935633864,0.00511445991543698,0.0726213283127846,0.00596639890861702,0.0658331140875816,0.00520684476941824,"Spatio-Temporal Beta SAE",2016
"PIANURA EST",0.0802,0.0730081896232655,0.00526626725796248,0.0776926419042216,0.00719143001801062,0.0771755129098892,0.00582311395555735,"Spatio-Temporal Beta SAE",2017
"PIANURA EST",0.079,0.0757759684116383,0.00590717294955604,0.0811308592594796,0.00906562662499263,0.0794504508376122,0.0063700838945806,"Spatio-Temporal Beta SAE",2018
"PIANURA OVEST",0.0625,0.0713616307680361,0.00649942318339816,0.0712844330670835,0.00853786824391315,0.0717006400227547,0.00669665262103081,"Spatio-Temporal Beta SAE",2014
"PIANURA OVEST",0.0771,0.0668765261542668,0.00617411808124407,0.0674623461923964,0.00809757376548284,0.065264418721199,0.00666223838925362,"Spatio-Temporal Beta SAE",2015
"PIANURA OVEST",0.0685,0.0850719893634301,0.00778372310286763,0.0853974533519988,0.00870236388862376,0.0765050426125526,0.00815612822771072,"Spatio-Temporal Beta SAE",2016
"PIANURA OVEST",0.0789,0.0829824937336395,0.0075979793891601,0.0849161160793997,0.00891326775127182,0.087281733751297,0.00901219062507153,"Spatio-Temporal Beta SAE",2017
"PIANURA OVEST",0.073,0.0801069305606285,0.00760429592738192,0.0816625035054839,0.0100055605088383,0.0841101408004761,0.00848325900733471,"Spatio-Temporal Beta SAE",2018
"PONENTE",0.1073,0.118153847037329,0.0134853802126981,0.113384340288445,0.0140125477703797,0.118260815739632,0.0138974701985717,"Spatio-Temporal Beta SAE",2014
"PONENTE",0.0969,0.101877053608841,0.0111194528958418,0.0985885048966332,0.0108962557776589,0.0993323996663094,0.0115808984264731,"Spatio-Temporal Beta SAE",2015
"PONENTE",0.09,0.098243745543362,0.0108250505168203,0.0967866990177268,0.0098155238340328,0.0890129879117012,0.0106874033808708,"Spatio-Temporal Beta SAE",2016
"PONENTE",0.1081,0.10559233005634,0.0116682655456181,0.104875293918343,0.0118414219460496,0.111687980592251,0.0131076592952013,"Spatio-Temporal Beta SAE",2017
"PONENTE",0.109,0.0860900434823029,0.0113240805187137,0.0854678060973863,0.0132340199917224,0.0909422263503075,0.0127618405967951,"Spatio-Temporal Beta SAE",2018
"PORRETTA TERME",0.1276,0.0939682019144991,0.0109739251925938,0.0925821571969137,0.0152801223535629,0.0947278365492821,0.0114688379690051,"Spatio-Temporal Beta SAE",2014
"PORRETTA TERME",0.1112,0.0907658605748563,0.0103221314210059,0.0863984677844107,0.0110640083661443,0.0886890068650246,0.00975459162145853,"Spatio-Temporal Beta SAE",2015
"PORRETTA TERME",0.1174,0.105810212728066,0.0112570293971987,0.0989777811659754,0.0124950887795499,0.0951926335692406,0.00981658231467009,"Spatio-Temporal Beta SAE",2016
"PORRETTA TERME",0.1376,0.112633351124227,0.0119699089684988,0.106097953550971,0.0135543341269492,0.118348985910416,0.0117812035605311,"Spatio-Temporal Beta SAE",2017
"PORRETTA TERME",0.125,0.111428215761472,0.0123660625851306,0.101958464630579,0.0137741400289319,0.116338960826397,0.0127995274960995,"Spatio-Temporal Beta SAE",2018
"RAVENNA",0.0904,0.100922577531481,0.00614801251059528,0.0959185492435679,0.00739452623719438,0.102350950241089,0.00662079220637679,"Spatio-Temporal Beta SAE",2014
"RAVENNA",0.1156,0.1182848681896,0.00663026469850335,0.114788178024197,0.0077161789471156,0.116926692426205,0.00760354334488511,"Spatio-Temporal Beta SAE",2015
"RAVENNA",0.1008,0.115903740937236,0.00646976181319824,0.110415015986878,0.00667165839734068,0.107618242502213,0.00709017179906368,"Spatio-Temporal Beta SAE",2016
"RAVENNA",0.1028,0.0820322869283705,0.00584181431580797,0.0849256653940812,0.00738894891842279,0.0866532474756241,0.00682851113379002,"Spatio-Temporal Beta SAE",2017
"RAVENNA",0.099,0.0986391334375549,0.00631849625586016,0.102904460717919,0.00816240486605888,0.101454377174377,0.00720696710050106,"Spatio-Temporal Beta SAE",2018
"REGGIO EMILIA",0.1684,0.146309129143176,0.00953259875402125,0.15788782601184,0.0128044442455007,0.147256374359131,0.00975704099982977,"Spatio-Temporal Beta SAE",2014
"REGGIO EMILIA",0.1424,0.130448958081386,0.00795184678760666,0.136129921337811,0.00940443727288631,0.128269746899605,0.00871766358613968,"Spatio-Temporal Beta SAE",2015
"REGGIO EMILIA",0.122,0.126184189039197,0.00729195458159634,0.125534409063598,0.0084708900746925,0.115000054240227,0.0079473378136754,"Spatio-Temporal Beta SAE",2016
"REGGIO EMILIA",0.1289,0.131034933827389,0.00747916653076942,0.128337126184097,0.010314815802949,0.13609005510807,0.00836937502026558,"Spatio-Temporal Beta SAE",2017
"REGGIO EMILIA",0.122,0.127389656760659,0.00781333587241887,0.121796569980608,0.00919427893024666,0.130336791276932,0.0087069608271122,"Spatio-Temporal Beta SAE",2018
"RICCIONE",0.1341,0.12625985627068,0.0158214048528833,0.13310709191279,0.0166270348195663,0.127295508980751,0.0171761866658926,"Spatio-Temporal Beta SAE",2014
"RICCIONE",0.1415,0.144517294207943,0.0158882203625235,0.146183869351937,0.0158508402046913,0.141738206148148,0.0167518146336079,"Spatio-Temporal Beta SAE",2015
"RICCIONE",0.1379,0.152157381572705,0.0160125202136006,0.145160535292353,0.013951984710793,0.139989107847214,0.0157567523419857,"Spatio-Temporal Beta SAE",2016
"RICCIONE",0.1507,0.147574014139673,0.0161004635914576,0.147663594587519,0.0171953026017833,0.152055099606514,0.0165764205157757,"Spatio-Temporal Beta SAE",2017
"RICCIONE",0.131,0.127623205962373,0.0156197200206315,0.127819851964151,0.0177136303850309,0.131288334727287,0.0160944499075413,"Spatio-Temporal Beta SAE",2018
"RIMINI",0.102,0.117012601243441,0.00897932737147662,0.106000482787125,0.00901300004288278,0.118380025029182,0.00901251938194036,"Spatio-Temporal Beta SAE",2014
"RIMINI",0.1413,0.147358369338779,0.00992668071257921,0.14009353390795,0.010230599458539,0.145271956920624,0.0104789100587368,"Spatio-Temporal Beta SAE",2015
"RIMINI",0.1182,0.128304711176204,0.00869415623163653,0.123795917923824,0.00892812473996984,0.11970666050911,0.00865931995213032,"Spatio-Temporal Beta SAE",2016
"RIMINI",0.1251,0.11168768188022,0.00829612031452892,0.117944277270699,0.0102055602476082,0.116781681776047,0.00889475829899311,"Spatio-Temporal Beta SAE",2017
"RIMINI",0.111,0.10339193617269,0.00839160568648266,0.113821544628247,0.0103111645943219,0.10682337731123,0.00865255016833544,"Spatio-Temporal Beta SAE",2018
"RUBICONE",0.1835,0.146926693477676,0.0146778543965599,0.148324516020746,0.020513928431346,0.149680510163307,0.0153481224551797,"Spatio-Temporal Beta SAE",2014
"RUBICONE",0.1376,0.135759779392384,0.0133433306363227,0.129433531137612,0.0154468739105498,0.135143011808395,0.0134894894436002,"Spatio-Temporal Beta SAE",2015
"RUBICONE",0.14,0.152677391083881,0.013951950619839,0.145174493248468,0.0141569601096595,0.141852363944054,0.0137020871043205,"Spatio-Temporal Beta SAE",2016
"RUBICONE",0.1399,0.145538729020728,0.0136804706728989,0.146557199806051,0.0148435697498534,0.15127432346344,0.0145876901224256,"Spatio-Temporal Beta SAE",2017
"RUBICONE",0.14,0.13363464214496,0.0139254741387025,0.145071520019657,0.0155514505606726,0.137503489851952,0.0146790202707052,"Spatio-Temporal Beta SAE",2018
"SAN LAZZARO DI SAVENA",0.0562,0.0630812277234712,0.00568589338455358,0.060073021248592,0.00782698317750494,0.063788540661335,0.00649536680430174,"Spatio-Temporal Beta SAE",2014
"SAN LAZZARO DI SAVENA",0.0855,0.0688292240590439,0.00599694255060875,0.0649350157221561,0.00761494235197474,0.0672511532902718,0.00652916869148612,"Spatio-Temporal Beta SAE",2015
"SAN LAZZARO DI SAVENA",0.0318,0.0536878003466446,0.00486892007073393,0.0464000058221569,0.00491497636339386,0.0485985018312931,0.00486309733241796,"Spatio-Temporal Beta SAE",2016
"SAN LAZZARO DI SAVENA",0.0661,0.0744881278553953,0.00647548802294452,0.0680402595332603,0.0079829546644443,0.077948808670044,0.00735011044889688,"Spatio-Temporal Beta SAE",2017
"SAN LAZZARO DI SAVENA",0.068,0.0670762188058386,0.00605491106804804,0.0629670582870105,0.00881257062421121,0.0701787993311882,0.00635796505957842,"Spatio-Temporal Beta SAE",2018
"SASSUOLO",0.1021,0.0893038075489012,0.0078770448270156,0.0877290999663962,0.013740439811602,0.0903812721371651,0.00848313886672258,"Spatio-Temporal Beta SAE",2014
"SASSUOLO",0.0883,0.0764271100339426,0.00651468431320378,0.0708110539200517,0.00863056270422364,0.0750391185283661,0.00647799670696259,"Spatio-Temporal Beta SAE",2015
"SASSUOLO",0.0526,0.0804505529374262,0.00642386796458309,0.072968353247294,0.00686505832304808,0.0728489384055138,0.00653524324297905,"Spatio-Temporal Beta SAE",2016
"SASSUOLO",0.103,0.0948027045269797,0.00784757062597538,0.0926023768077114,0.00961245755750299,0.0997450351715088,0.0080231511965394,"Spatio-Temporal Beta SAE",2017
"SASSUOLO",0.076,0.0806352447530069,0.00690606671369848,0.0787234614988286,0.00880367966678799,0.0844758749008179,0.00700931856408715,"Spatio-Temporal Beta SAE",2018
"SCANDIANO",0.0691,0.0927051130679225,0.0078964635216067,0.0873361252357656,0.00964612479216797,0.0932467132806778,0.00839519500732422,"Spatio-Temporal Beta SAE",2014
"SCANDIANO",0.0925,0.0959028114557274,0.00777268985642653,0.0924188503975826,0.00923025543635725,0.0937665030360222,0.0079305823892355,"Spatio-Temporal Beta SAE",2015
"SCANDIANO",0.1074,0.109782818306174,0.00880341367077388,0.107806745814215,0.00924384694717697,0.0995478704571724,0.00852510705590248,"Spatio-Temporal Beta SAE",2016
"SCANDIANO",0.0944,0.0909561466079921,0.00752745349584828,0.0909448846734125,0.00935311638735141,0.096496120095253,0.00776705192402005,"Spatio-Temporal Beta SAE",2017
"SCANDIANO",0.123,0.0987011838397726,0.00836861269467723,0.10315634637411,0.010968373517582,0.103935830295086,0.00894974637776613,"Spatio-Temporal Beta SAE",2018
"SUD EST",0.0682,0.0728587334712147,0.00718205053929804,0.0709488953540097,0.00859235989419548,0.0732316821813583,0.00774281565099955,"Spatio-Temporal Beta SAE",2014
"SUD EST",0.046,0.0626464712213196,0.00586273838902507,0.0580121051315434,0.0051453665945595,0.061200637370348,0.00651537207886577,"Spatio-Temporal Beta SAE",2015
"SUD EST",0.0295,0.0578613241910321,0.005419960879919,0.0500959948361348,0.00414631572008596,0.0523735508322716,0.0055110496468842,"Spatio-Temporal Beta SAE",2016
"SUD EST",0.0704,0.0648827595292184,0.0060583300441581,0.0600536367973435,0.00560060930304461,0.0686427503824234,0.00684608705341816,"Spatio-Temporal Beta SAE",2017
"SUD EST",0.064,0.0714469861653228,0.00700115562878786,0.0669629257208463,0.00726746511612127,0.0753262117505074,0.00786785874515772,"Spatio-Temporal Beta SAE",2018
"SUD-EST",0.1031,0.101225822079942,0.00903643551755401,0.0996640280119621,0.0114571157548502,0.102044738829136,0.0100013669580221,"Spatio-Temporal Beta SAE",2014
"SUD-EST",0.1162,0.0882402391808538,0.00841422548699571,0.0862450894494862,0.0100851430871033,0.0867500007152557,0.00959284696727991,"Spatio-Temporal Beta SAE",2015
"SUD-EST",0.095,0.112538275254633,0.00977724772502239,0.108859565160278,0.012929137308976,0.102464877068996,0.0102433348074555,"Spatio-Temporal Beta SAE",2016
"SUD-EST",0.1197,0.107618656040963,0.00957992763037558,0.106345630904472,0.0114028869775833,0.112951211631298,0.0111352493986487,"Spatio-Temporal Beta SAE",2017
"SUD-EST",0.125,0.102502561860203,0.00966144089404612,0.104912781903867,0.0102101303313673,0.10650160908699,0.0115205617621541,"Spatio-Temporal Beta SAE",2018
"VALLI TARO E CENO",0.1146,0.0955267451234303,0.0117824909292852,0.0974597903754897,0.0142268860282123,0.0950881987810135,0.011962921358645,"Spatio-Temporal Beta SAE",2014
"VALLI TARO E CENO",0.1021,0.103591102386752,0.0120108718836,0.106049173619174,0.0143972963274536,0.0997073724865913,0.0118821859359741,"Spatio-Temporal Beta SAE",2015
"VALLI TARO E CENO",0.1112,0.0948598962838453,0.0110765371832732,0.0947348036868011,0.0125215970845759,0.0847892537713051,0.0101766707375646,"Spatio-Temporal Beta SAE",2016
"VALLI TARO E CENO",0.115,0.106213347988924,0.0122367148517959,0.105086504171129,0.0147164863773564,0.110706180334091,0.0122842462733388,"Spatio-Temporal Beta SAE",2017
"VALLI TARO E CENO",0.128,0.117809182795975,0.014035331947351,0.115281794449474,0.0173759180043795,0.122736215591431,0.0144798876717687,"Spatio-Temporal Beta SAE",2018
"VIGNOLA",0.1215,0.0896119848566833,0.00794570954701748,0.0935943906517171,0.0103725254838242,0.0912310928106308,0.00887090433388948,"Spatio-Temporal Beta SAE",2014
"VIGNOLA",0.0772,0.0821753056459606,0.00665117709810902,0.0810682967923548,0.00643272654418952,0.0806521773338318,0.00712353363633156,"Spatio-Temporal Beta SAE",2015
"VIGNOLA",0.0643,0.0847507255475229,0.00686541196669662,0.0805393711685764,0.00634849798768203,0.076643668115139,0.00671771727502346,"Spatio-Temporal Beta SAE",2016
"VIGNOLA",0.0571,0.066253942399613,0.00543442340520813,0.0613045692339085,0.00557121708587703,0.0702790394425392,0.00596960401162505,"Spatio-Temporal Beta SAE",2017
"VIGNOLA",0.046,0.0600756730332913,0.00544870810461596,0.0538311330592983,0.00647091674182133,0.0635232031345367,0.00614452641457319,"Spatio-Temporal Beta SAE",2018
