"domain","model","estimator","true_P","mean_estimate","sd_estimate"
"domain_01","Non-Spasial","Direct",0.655707474794527,0.652713204941522,0.0188442585029217
"domain_02","Non-Spasial","Direct",0.541470614799992,0.535956304414132,0.0305375247249639
"domain_03","Non-Spasial","Direct",0.607954290775224,0.6138815231507,0.0216903692145875
"domain_04","Non-Spasial","Direct",0.559720972355693,0.561812667989131,0.0212351480921988
"domain_05","Non-Spasial","Direct",0.652501787832224,0.65026388584724,0.0186385425121429
"domain_06","Non-Spasial","Direct",0.577403606500542,0.578366252770004,0.0157001378864459
"domain_07","Non-Spasial","Direct",0.608758449403804,0.607614819310467,0.0191006598296514
"domain_08","Non-Spasial","Direct",0.535967231943909,0.539189925462035,0.0214749268982669
"domain_09","Non-Spasial","Direct",0.557867722063263,0.557559084660048,0.0191756353375307
"domain_10","Non-Spasial","Direct",0.635503912826909,0.637941087421771,0.0230345380274144
"domain_11","Non-Spasial","Direct",0.550454535917203,0.551628238824034,0.0219528180043641
"domain_12","Non-Spasial","Direct",0.615311792601431,0.614276669190607,0.0213994315455331
"domain_13","Non-Spasial","Direct",0.638448601080337,0.640710046529856,0.0166611188734507
"domain_14","Non-Spasial","Direct",0.610115935329537,0.613804516881065,0.0225810520019685
"domain_15","Non-Spasial","Direct",0.604293818365509,0.608889763473738,0.01781293399113
"domain_16","Non-Spasial","Direct",0.503993650355867,0.508693374421931,0.0295214588354266
"domain_17","Non-Spasial","Direct",0.605570243169443,0.615899849614102,0.0194798363015332
"domain_18","Non-Spasial","Direct",0.493975659090514,0.49087002220681,0.0277811099442793
"domain_19","Non-Spasial","Direct",0.697357332742289,0.700352716094003,0.0216567891866937
"domain_20","Non-Spasial","Direct",0.553159555947066,0.555050359409528,0.0177530175594104
"domain_21","Non-Spasial","Direct",0.634849729626542,0.631682357330248,0.0180459499136261
"domain_22","Non-Spasial","Direct",0.658413167691716,0.653658449005753,0.0190334420617964
"domain_23","Non-Spasial","Direct",0.626053575113812,0.626283368960742,0.0224603553906114
"domain_24","Non-Spasial","Direct",0.710993404913874,0.710290361474365,0.0170147492971685
"domain_25","Non-Spasial","Direct",0.567260701191169,0.566577062105205,0.0166966198540424
"domain_26","Non-Spasial","Direct",0.655391996353004,0.657038601394807,0.0168029937001995
"domain_27","Non-Spasial","Direct",0.557413123701219,0.548703204932372,0.0205783076732468
"domain_28","Non-Spasial","Direct",0.753586480520972,0.758147106313609,0.015771894590956
"domain_29","Non-Spasial","Direct",0.668223315712129,0.67516392835376,0.0207519461954152
"domain_30","Non-Spasial","Direct",0.602136805185155,0.601950220013282,0.0203306427489899
"domain_31","Non-Spasial","Direct",0.678361485460415,0.671254539997407,0.0178685642017992
"domain_32","Non-Spasial","Direct",0.544101622557379,0.539626763946397,0.0268345196927454
"domain_33","Non-Spasial","Direct",0.721993301780832,0.72284313629749,0.0183680385849676
"domain_34","Non-Spasial","Direct",0.545295249676903,0.541792823047658,0.0195303100287671
"domain_35","Non-Spasial","Direct",0.514532847789276,0.516545330862035,0.0199144509207041
"domain_36","Non-Spasial","Direct",0.623124394376285,0.621763840248327,0.0264676036689565
"domain_37","Non-Spasial","Direct",0.680537640669923,0.686019486409062,0.024399560490075
"domain_38","Non-Spasial","Direct",0.621225822287012,0.62314658055678,0.018788227731131
"domain_39","Non-Spasial","Direct",0.572004725440595,0.567577310736598,0.0178247812096407
"domain_40","Non-Spasial","Direct",0.701529645558963,0.70031269025229,0.0186551470345155
"domain_41","Non-Spasial","Direct",0.774026590395917,0.775309238345416,0.0167196952554332
"domain_42","Non-Spasial","Direct",0.48594613810494,0.494065854648321,0.0245033564890269
"domain_43","Non-Spasial","Direct",0.717377502626306,0.713925977334596,0.0240192933208288
"domain_44","Non-Spasial","Direct",0.58939753106547,0.587442838202416,0.0209189017715143
"domain_45","Non-Spasial","Direct",0.688420126587309,0.691424963147953,0.0221789651754528
"domain_46","Non-Spasial","Direct",0.496957797514785,0.489019274848153,0.0193017724636708
"domain_47","Non-Spasial","Direct",0.610101215543203,0.61211131788077,0.025848463405264
"domain_48","Non-Spasial","Direct",0.561008576054657,0.567020989513783,0.024165529467551
"domain_49","Non-Spasial","Direct",0.593016256254342,0.582947305853209,0.0226218377606073
"domain_50","Non-Spasial","Direct",0.551242937480658,0.553695757581597,0.0211832091891463
"domain_01","Spasial","Direct",0.647643786207248,0.647157846887092,0.0162623029264239
"domain_02","Spasial","Direct",0.595397563511899,0.591412387986266,0.0194591721704421
"domain_03","Spasial","Direct",0.662540867504487,0.664910610520741,0.0202820663355606
"domain_04","Spasial","Direct",0.648287427331937,0.649112236457816,0.0203553349076217
"domain_05","Spasial","Direct",0.722936749994952,0.718795673268853,0.0155037068895989
"domain_06","Spasial","Direct",0.450387180067645,0.450771830106988,0.0165281286590732
"domain_07","Spasial","Direct",0.665211887691293,0.664095414016062,0.0232906392410859
"domain_08","Spasial","Direct",0.519697438139796,0.520424314486414,0.0226829591136804
"domain_09","Spasial","Direct",0.562115685856366,0.557176300171091,0.0199417384198835
"domain_10","Spasial","Direct",0.651402611283316,0.652713527851495,0.0218381845630156
"domain_11","Spasial","Direct",0.571344446804459,0.570322737180593,0.0174299680021579
"domain_12","Spasial","Direct",0.663248839928652,0.665966371137382,0.0172350599600007
"domain_13","Spasial","Direct",0.641715957050564,0.642193794271454,0.0224673585843342
"domain_14","Spasial","Direct",0.464805923585599,0.467660910844569,0.0221587324370632
"domain_15","Spasial","Direct",0.660165351427824,0.656458466793993,0.0179446272374886
"domain_16","Spasial","Direct",0.678914282465898,0.682358115820871,0.0186237187787729
"domain_17","Spasial","Direct",0.591046019964774,0.596354544054574,0.0201352359375223
"domain_18","Spasial","Direct",0.538669192655326,0.53345624884302,0.0216942663706378
"domain_19","Spasial","Direct",0.592010709731516,0.591049626513643,0.0205103010257836
"domain_20","Spasial","Direct",0.682626422227953,0.682621269259951,0.0221440927226681
"domain_21","Spasial","Direct",0.600776583980829,0.601341084796711,0.0208435195502213
"domain_22","Spasial","Direct",0.614499987515234,0.610435685230098,0.0247975398273453
"domain_23","Spasial","Direct",0.643246877302556,0.643914015325804,0.0251842925207563
"domain_24","Spasial","Direct",0.559353416827055,0.56718602406063,0.0145889210417241
"domain_25","Spasial","Direct",0.59356296419932,0.594428656230103,0.015837691822256
"domain_26","Spasial","Direct",0.614953060544424,0.615350344197118,0.0154373147735073
"domain_27","Spasial","Direct",0.625990992891451,0.619164358828556,0.0160004299755961
"domain_28","Spasial","Direct",0.52527107657408,0.528343383403837,0.0169108384786136
"domain_29","Spasial","Direct",0.579957538757844,0.58161125037749,0.0230170847495064
"domain_30","Spasial","Direct",0.577909667801558,0.574853171183549,0.0204905896420602
"domain_31","Spasial","Direct",0.654972597247606,0.648041506845192,0.0216378986968959
"domain_32","Spasial","Direct",0.716944670855043,0.712049147045594,0.0162139863252501
"domain_33","Spasial","Direct",0.64729906675411,0.643094433036101,0.0232641495505206
"domain_34","Spasial","Direct",0.742297384610336,0.735340069590793,0.0216157705745566
"domain_35","Spasial","Direct",0.639597836336714,0.637415320581394,0.0201787403415279
"domain_36","Spasial","Direct",0.692725608036359,0.690452116511198,0.0179179028829354
"domain_37","Spasial","Direct",0.664971026135754,0.666030622628841,0.0175386418524268
"domain_38","Spasial","Direct",0.626427052226917,0.626914503168364,0.0221733634268826
"domain_39","Spasial","Direct",0.473028746444014,0.467355036592093,0.0226183518661535
"domain_40","Spasial","Direct",0.50601383733333,0.501973021919141,0.0241441223696225
"domain_41","Spasial","Direct",0.767336112020669,0.765902867026578,0.0159905700722804
"domain_42","Spasial","Direct",0.783671571958521,0.778502216476502,0.0170275337824043
"domain_43","Spasial","Direct",0.74995553698262,0.749990718580644,0.0162461035139194
"domain_44","Spasial","Direct",0.651838612742568,0.6487269463495,0.0207516077578224
"domain_45","Spasial","Direct",0.644894237309098,0.642756187590667,0.0182049421565611
"domain_46","Spasial","Direct",0.736785058758259,0.738355265793212,0.0217372082646721
"domain_47","Spasial","Direct",0.642436498510832,0.637792192901263,0.019129890958875
"domain_48","Spasial","Direct",0.603811877720496,0.606842795840644,0.019781306451438
"domain_49","Spasial","Direct",0.574437878341971,0.573258300377819,0.0217753162689306
"domain_50","Spasial","Direct",0.441130077851427,0.446041670524473,0.0104242390211575
"domain_01","Non-Spasial","fastsae_freq",0.655707474794527,0.650174690542268,0.0177098282074249
"domain_02","Non-Spasial","fastsae_freq",0.541470614799992,0.540558937762926,0.0285401086643462
"domain_03","Non-Spasial","fastsae_freq",0.607954290775224,0.613421023365685,0.0199235981258935
"domain_04","Non-Spasial","fastsae_freq",0.559720972355693,0.567044174754689,0.0194486021985208
"domain_05","Non-Spasial","fastsae_freq",0.652501787832224,0.647549142494038,0.0176094409514229
"domain_06","Non-Spasial","fastsae_freq",0.577403606500542,0.581229987537437,0.0145284355100856
"domain_07","Non-Spasial","fastsae_freq",0.608758449403804,0.606591383744832,0.0179713257780754
"domain_08","Non-Spasial","fastsae_freq",0.535967231943909,0.546668500975906,0.0195811918257306
"domain_09","Non-Spasial","fastsae_freq",0.557867722063263,0.562932306502046,0.0175729954901428
"domain_10","Non-Spasial","fastsae_freq",0.635503912826909,0.634422910785722,0.0214148735095958
"domain_11","Non-Spasial","fastsae_freq",0.550454535917203,0.561208451779966,0.0201674525781839
"domain_12","Non-Spasial","fastsae_freq",0.615311792601431,0.612349532339648,0.0198688735175224
"domain_13","Non-Spasial","fastsae_freq",0.638448601080337,0.636409621929255,0.0156308591957358
"domain_14","Non-Spasial","fastsae_freq",0.610115935329537,0.612131127535414,0.0210807644588629
"domain_15","Non-Spasial","fastsae_freq",0.604293818365509,0.609147916675937,0.0163405471885857
"domain_16","Non-Spasial","fastsae_freq",0.503993650355867,0.518586743794843,0.0271429448304243
"domain_17","Non-Spasial","fastsae_freq",0.605570243169443,0.616632798077398,0.017924963374542
"domain_18","Non-Spasial","fastsae_freq",0.493975659090514,0.497914921355728,0.0263372665249394
"domain_19","Non-Spasial","fastsae_freq",0.697357332742289,0.694367635574002,0.0198409722275056
"domain_20","Non-Spasial","fastsae_freq",0.553159555947066,0.558430706439915,0.0160724478356509
"domain_21","Non-Spasial","fastsae_freq",0.634849729626542,0.630174340724442,0.016785609984558
"domain_22","Non-Spasial","fastsae_freq",0.658413167691716,0.65301191202734,0.0177108848189912
"domain_23","Non-Spasial","fastsae_freq",0.626053575113812,0.625148420198519,0.0208762499441626
"domain_24","Non-Spasial","fastsae_freq",0.710993404913874,0.703543917957491,0.016400698306458
"domain_25","Non-Spasial","fastsae_freq",0.567260701191169,0.56789342867044,0.0153077795468858
"domain_26","Non-Spasial","fastsae_freq",0.655391996353004,0.654428423994674,0.0158553046062198
"domain_27","Non-Spasial","fastsae_freq",0.557413123701219,0.552516533511846,0.019135917766393
"domain_28","Non-Spasial","fastsae_freq",0.753586480520972,0.752163929816318,0.0153845081838415
"domain_29","Non-Spasial","fastsae_freq",0.668223315712129,0.672789464890833,0.0194924720709455
"domain_30","Non-Spasial","fastsae_freq",0.602136805185155,0.603463083568031,0.0185275687131168
"domain_31","Non-Spasial","fastsae_freq",0.678361485460415,0.666182068074271,0.0169752960688696
"domain_32","Non-Spasial","fastsae_freq",0.544101622557379,0.546733488198695,0.0257735697739497
"domain_33","Non-Spasial","fastsae_freq",0.721993301780832,0.718049463253617,0.0178453236429901
"domain_34","Non-Spasial","fastsae_freq",0.545295249676903,0.546880151392796,0.017651249073646
"domain_35","Non-Spasial","fastsae_freq",0.514532847789276,0.522357983007348,0.0192939954490167
"domain_36","Non-Spasial","fastsae_freq",0.623124394376285,0.618983202298313,0.0248801172477155
"domain_37","Non-Spasial","fastsae_freq",0.680537640669923,0.681892439105801,0.0227114032099312
"domain_38","Non-Spasial","fastsae_freq",0.621225822287012,0.622813986019841,0.0175054790438092
"domain_39","Non-Spasial","fastsae_freq",0.572004725440595,0.57360972636942,0.0165599371975514
"domain_40","Non-Spasial","fastsae_freq",0.701529645558963,0.693717190501767,0.0181339125008479
"domain_41","Non-Spasial","fastsae_freq",0.774026590395917,0.7656961138402,0.0167259786718684
"domain_42","Non-Spasial","fastsae_freq",0.48594613810494,0.503309334748205,0.0230733565767131
"domain_43","Non-Spasial","fastsae_freq",0.717377502626306,0.706815964412944,0.0231768980066145
"domain_44","Non-Spasial","fastsae_freq",0.58939753106547,0.592469741357875,0.0191537379372943
"domain_45","Non-Spasial","fastsae_freq",0.688420126587309,0.683762831177952,0.0215877274761633
"domain_46","Non-Spasial","fastsae_freq",0.496957797514785,0.498614607983835,0.0184269438925896
"domain_47","Non-Spasial","fastsae_freq",0.610101215543203,0.609412842566708,0.0241559296293227
"domain_48","Non-Spasial","fastsae_freq",0.561008576054657,0.569410656656699,0.0220798759881311
"domain_49","Non-Spasial","fastsae_freq",0.593016256254342,0.584097750084691,0.0209195180909857
"domain_50","Non-Spasial","fastsae_freq",0.551242937480658,0.558516756756199,0.019843502658123
"domain_01","Spasial","fastsae_freq",0.647643786207248,0.644504847887733,0.0151185068975036
"domain_02","Spasial","fastsae_freq",0.595397563511899,0.600322482094198,0.0174841614702709
"domain_03","Spasial","fastsae_freq",0.662540867504487,0.657490754832087,0.0197433386116902
"domain_04","Spasial","fastsae_freq",0.648287427331937,0.650512688863742,0.018425806775407
"domain_05","Spasial","fastsae_freq",0.722936749994952,0.708378341168062,0.0146920236547985
"domain_06","Spasial","fastsae_freq",0.450387180067645,0.474080810389992,0.0153704927580487
"domain_07","Spasial","fastsae_freq",0.665211887691293,0.65491064096618,0.0218638752505228
"domain_08","Spasial","fastsae_freq",0.519697438139796,0.531778399107318,0.0210630785256389
"domain_09","Spasial","fastsae_freq",0.562115685856366,0.561736156505587,0.018323616514044
"domain_10","Spasial","fastsae_freq",0.651402611283316,0.653465466019883,0.0201770751969716
"domain_11","Spasial","fastsae_freq",0.571344446804459,0.566429770205191,0.0163617787208345
"domain_12","Spasial","fastsae_freq",0.663248839928652,0.661937642899946,0.0156350943774919
"domain_13","Spasial","fastsae_freq",0.641715957050564,0.637975874689025,0.0207522250771374
"domain_14","Spasial","fastsae_freq",0.464805923585599,0.481947452779207,0.0221878556182822
"domain_15","Spasial","fastsae_freq",0.660165351427824,0.64637934520711,0.0158978586124028
"domain_16","Spasial","fastsae_freq",0.678914282465898,0.677213562577274,0.0172340662329535
"domain_17","Spasial","fastsae_freq",0.591046019964774,0.590586217478853,0.0174137548079836
"domain_18","Spasial","fastsae_freq",0.538669192655326,0.534663469077213,0.0205075638279634
"domain_19","Spasial","fastsae_freq",0.592010709731516,0.589371997060574,0.0182000764404886
"domain_20","Spasial","fastsae_freq",0.682626422227953,0.680983122751919,0.020900266722452
"domain_21","Spasial","fastsae_freq",0.600776583980829,0.604688306988234,0.0194866405342482
"domain_22","Spasial","fastsae_freq",0.614499987515234,0.608523543749405,0.0221588413430569
"domain_23","Spasial","fastsae_freq",0.643246877302556,0.6380696390708,0.0228309033486378
"domain_24","Spasial","fastsae_freq",0.559353416827055,0.564382024586,0.0130205823800262
"domain_25","Spasial","fastsae_freq",0.59356296419932,0.597219354598731,0.0140938673681633
"domain_26","Spasial","fastsae_freq",0.614953060544424,0.62093752123362,0.013311375230958
"domain_27","Spasial","fastsae_freq",0.625990992891451,0.628086547184416,0.0154167735905017
"domain_28","Spasial","fastsae_freq",0.52527107657408,0.535939191358289,0.0158252319572183
"domain_29","Spasial","fastsae_freq",0.579957538757844,0.582380603279912,0.0208576127937615
"domain_30","Spasial","fastsae_freq",0.577909667801558,0.581408778291418,0.0190464465731434
"domain_31","Spasial","fastsae_freq",0.654972597247606,0.651266844556519,0.0189710143410979
"domain_32","Spasial","fastsae_freq",0.716944670855043,0.708675815605151,0.0150063557690416
"domain_33","Spasial","fastsae_freq",0.64729906675411,0.64898666354402,0.0218264890380863
"domain_34","Spasial","fastsae_freq",0.742297384610336,0.726301035597921,0.0203998974314887
"domain_35","Spasial","fastsae_freq",0.639597836336714,0.635225381048026,0.0178973609746938
"domain_36","Spasial","fastsae_freq",0.692725608036359,0.687121003103028,0.0165817063812022
"domain_37","Spasial","fastsae_freq",0.664971026135754,0.661995865145142,0.0166638337869125
"domain_38","Spasial","fastsae_freq",0.626427052226917,0.622905108996704,0.0202108007016183
"domain_39","Spasial","fastsae_freq",0.473028746444014,0.472232893666249,0.0213897684981823
"domain_40","Spasial","fastsae_freq",0.50601383733333,0.499736330027298,0.022591034400235
"domain_41","Spasial","fastsae_freq",0.767336112020669,0.762988830370105,0.015075451044138
"domain_42","Spasial","fastsae_freq",0.783671571958521,0.773394649891165,0.0169029387272004
"domain_43","Spasial","fastsae_freq",0.74995553698262,0.749839573872433,0.0154294788164362
"domain_44","Spasial","fastsae_freq",0.651838612742568,0.646761730136738,0.019521024460358
"domain_45","Spasial","fastsae_freq",0.644894237309098,0.64815039009825,0.0163659290897522
"domain_46","Spasial","fastsae_freq",0.736785058758259,0.735052516710495,0.020278107320957
"domain_47","Spasial","fastsae_freq",0.642436498510832,0.64558793044745,0.0174244022386682
"domain_48","Spasial","fastsae_freq",0.603811877720496,0.609721120464354,0.0176871825217892
"domain_49","Spasial","fastsae_freq",0.574437878341971,0.571123518637533,0.0202381420432022
"domain_50","Spasial","fastsae_freq",0.441130077851427,0.454928332878063,0.0094608300891266
"domain_01","Non-Spasial","fastsae_bayes",0.655707474794527,0.649722616865655,0.0175784098361205
"domain_02","Non-Spasial","fastsae_bayes",0.541470614799992,0.540239877448106,0.0287579861067598
"domain_03","Non-Spasial","fastsae_bayes",0.607954290775224,0.613507503332319,0.0199511466280693
"domain_04","Non-Spasial","fastsae_bayes",0.559720972355693,0.566843310299449,0.0196298469902832
"domain_05","Non-Spasial","fastsae_bayes",0.652501787832224,0.64748867301941,0.0174807727132619
"domain_06","Non-Spasial","fastsae_bayes",0.577403606500542,0.581193692782671,0.014620048969161
"domain_07","Non-Spasial","fastsae_bayes",0.608758449403804,0.606734696893103,0.0179857132584544
"domain_08","Non-Spasial","fastsae_bayes",0.535967231943909,0.546188689752123,0.0197787394107893
"domain_09","Non-Spasial","fastsae_bayes",0.557867722063263,0.562748288194573,0.0177260822010684
"domain_10","Non-Spasial","fastsae_bayes",0.635503912826909,0.634450304045282,0.0212951415850055
"domain_11","Non-Spasial","fastsae_bayes",0.550454535917203,0.560855821486968,0.0204021714568645
"domain_12","Non-Spasial","fastsae_bayes",0.615311792601431,0.612433585289292,0.0198521165788766
"domain_13","Non-Spasial","fastsae_bayes",0.638448601080337,0.636338584180737,0.0155492599128506
"domain_14","Non-Spasial","fastsae_bayes",0.610115935329537,0.612327723446735,0.0210820553568745
"domain_15","Non-Spasial","fastsae_bayes",0.604293818365509,0.609259300097776,0.01637444105933
"domain_16","Non-Spasial","fastsae_bayes",0.503993650355867,0.517863816191309,0.0273561800069091
"domain_17","Non-Spasial","fastsae_bayes",0.605570243169443,0.616693728038088,0.0179435603487243
"domain_18","Non-Spasial","fastsae_bayes",0.493975659090514,0.497411586421005,0.0264271352160434
"domain_19","Non-Spasial","fastsae_bayes",0.697357332742289,0.693508773431812,0.0191989473948275
"domain_20","Non-Spasial","fastsae_bayes",0.553159555947066,0.558289090673507,0.0162181734274434
"domain_21","Non-Spasial","fastsae_bayes",0.634849729626542,0.630225057451606,0.0167177971429286
"domain_22","Non-Spasial","fastsae_bayes",0.658413167691716,0.653017018599825,0.0176013353670559
"domain_23","Non-Spasial","fastsae_bayes",0.626053575113812,0.62519801955269,0.0208394724228103
"domain_24","Non-Spasial","fastsae_bayes",0.710993404913874,0.702515980858856,0.0159472579043495
"domain_25","Non-Spasial","fastsae_bayes",0.567260701191169,0.56788428199141,0.0154311869750218
"domain_26","Non-Spasial","fastsae_bayes",0.655391996353004,0.654346731388915,0.0157456217539846
"domain_27","Non-Spasial","fastsae_bayes",0.557413123701219,0.55228655511895,0.0192799535132861
"domain_28","Non-Spasial","fastsae_bayes",0.753586480520972,0.749886456422764,0.0149371652352909
"domain_29","Non-Spasial","fastsae_bayes",0.668223315712129,0.672580410789242,0.019193756292418
"domain_30","Non-Spasial","fastsae_bayes",0.602136805185155,0.603457338681602,0.018608688882391
"domain_31","Non-Spasial","fastsae_bayes",0.678361485460415,0.665942839126664,0.0167213118139703
"domain_32","Non-Spasial","fastsae_bayes",0.544101622557379,0.546215017859656,0.0258689264521131
"domain_33","Non-Spasial","fastsae_bayes",0.721993301780832,0.716320677328261,0.017403057695923
"domain_34","Non-Spasial","fastsae_bayes",0.545295249676903,0.546400742987326,0.0177792526462843
"domain_35","Non-Spasial","fastsae_bayes",0.514532847789276,0.521918137304427,0.0193140193646432
"domain_36","Non-Spasial","fastsae_bayes",0.623124394376285,0.618714295669054,0.0247748299606006
"domain_37","Non-Spasial","fastsae_bayes",0.680537640669923,0.680930594716767,0.0222275466592272
"domain_38","Non-Spasial","fastsae_bayes",0.621225822287012,0.622600788685124,0.0174797310013107
"domain_39","Non-Spasial","fastsae_bayes",0.572004725440595,0.573161793031245,0.0166629201890657
"domain_40","Non-Spasial","fastsae_bayes",0.701529645558963,0.692435137264643,0.0177018569489802
"domain_41","Non-Spasial","fastsae_bayes",0.774026590395917,0.761141009995458,0.0160300669277292
"domain_42","Non-Spasial","fastsae_bayes",0.48594613810494,0.50256317660746,0.0231460260777371
"domain_43","Non-Spasial","fastsae_bayes",0.717377502626306,0.704868431086965,0.0225450048192183
"domain_44","Non-Spasial","fastsae_bayes",0.58939753106547,0.592134443467212,0.0192497368512958
"domain_45","Non-Spasial","fastsae_bayes",0.688420126587309,0.68248263998372,0.021160816228684
"domain_46","Non-Spasial","fastsae_bayes",0.496957797514785,0.497803949893905,0.0184287389182216
"domain_47","Non-Spasial","fastsae_bayes",0.610101215543203,0.609195439936558,0.0240585005740061
"domain_48","Non-Spasial","fastsae_bayes",0.561008576054657,0.569137405113728,0.0221566152698698
"domain_49","Non-Spasial","fastsae_bayes",0.593016256254342,0.583802519981978,0.0209697315108145
"domain_50","Non-Spasial","fastsae_bayes",0.551242937480658,0.558030156202111,0.019912519903209
"domain_01","Spasial","fastsae_bayes",0.647643786207248,0.645419758251302,0.0154041499199892
"domain_02","Spasial","fastsae_bayes",0.595397563511899,0.59624847212944,0.017779995372791
"domain_03","Spasial","fastsae_bayes",0.662540867504487,0.660062018878947,0.0191417324333807
"domain_04","Spasial","fastsae_bayes",0.648287427331937,0.646755004087625,0.0187046528429957
"domain_05","Spasial","fastsae_bayes",0.722936749994952,0.710232270418716,0.0141487482213741
"domain_06","Spasial","fastsae_bayes",0.450387180067645,0.466388795958187,0.0153348860903678
"domain_07","Spasial","fastsae_bayes",0.665211887691293,0.655420248635429,0.0216013737330183
"domain_08","Spasial","fastsae_bayes",0.519697438139796,0.528042244017816,0.0213377500083153
"domain_09","Spasial","fastsae_bayes",0.562115685856366,0.559276811817724,0.018403873676913
"domain_10","Spasial","fastsae_bayes",0.651402611283316,0.651433738886873,0.0207892349578103
"domain_11","Spasial","fastsae_bayes",0.571344446804459,0.570179621744988,0.0163159309988695
"domain_12","Spasial","fastsae_bayes",0.663248839928652,0.662588730585176,0.0150976750525311
"domain_13","Spasial","fastsae_bayes",0.641715957050564,0.644111050252728,0.0202866210542307
"domain_14","Spasial","fastsae_bayes",0.464805923585599,0.483029412521138,0.0224593400109939
"domain_15","Spasial","fastsae_bayes",0.660165351427824,0.648524103001102,0.0151066898399487
"domain_16","Spasial","fastsae_bayes",0.678914282465898,0.674357044632993,0.016574900122141
"domain_17","Spasial","fastsae_bayes",0.591046019964774,0.595507721255751,0.0173043385712314
"domain_18","Spasial","fastsae_bayes",0.538669192655326,0.537095116288296,0.020149830140065
"domain_19","Spasial","fastsae_bayes",0.592010709731516,0.588263360684683,0.018087359838478
"domain_20","Spasial","fastsae_bayes",0.682626422227953,0.67610798139169,0.020876627319791
"domain_21","Spasial","fastsae_bayes",0.600776583980829,0.60619332919511,0.0196592860285361
"domain_22","Spasial","fastsae_bayes",0.614499987515234,0.613589190892111,0.0217313944526289
"domain_23","Spasial","fastsae_bayes",0.643246877302556,0.644067005848168,0.0220118776092707
"domain_24","Spasial","fastsae_bayes",0.559353416827055,0.572830072716824,0.0128972682563144
"domain_25","Spasial","fastsae_bayes",0.59356296419932,0.600236604077328,0.0143150095497663
"domain_26","Spasial","fastsae_bayes",0.614953060544424,0.620016182795101,0.0131952298659797
"domain_27","Spasial","fastsae_bayes",0.625990992891451,0.622253683399024,0.0143643753765487
"domain_28","Spasial","fastsae_bayes",0.52527107657408,0.532389248418757,0.0152033514738246
"domain_29","Spasial","fastsae_bayes",0.579957538757844,0.579032841870583,0.0208248541648841
"domain_30","Spasial","fastsae_bayes",0.577909667801558,0.577080854593994,0.0191338303681363
"domain_31","Spasial","fastsae_bayes",0.654972597247606,0.651858424666313,0.0195094460663825
"domain_32","Spasial","fastsae_bayes",0.716944670855043,0.705818029833309,0.0141816572609674
"domain_33","Spasial","fastsae_bayes",0.64729906675411,0.646378621164698,0.0211026809229737
"domain_34","Spasial","fastsae_bayes",0.742297384610336,0.726027390908425,0.0190844976379221
"domain_35","Spasial","fastsae_bayes",0.639597836336714,0.636553825109105,0.0174092260667349
"domain_36","Spasial","fastsae_bayes",0.692725608036359,0.685730966419643,0.0162400431477044
"domain_37","Spasial","fastsae_bayes",0.664971026135754,0.657668560660999,0.0166438754190008
"domain_38","Spasial","fastsae_bayes",0.626427052226917,0.6202913964751,0.0195733885768177
"domain_39","Spasial","fastsae_bayes",0.473028746444014,0.477366778617394,0.0217292098768239
"domain_40","Spasial","fastsae_bayes",0.50601383733333,0.502257770201995,0.0227103627907712
"domain_41","Spasial","fastsae_bayes",0.767336112020669,0.762828275076402,0.0148684958692395
"domain_42","Spasial","fastsae_bayes",0.783671571958521,0.772215953801387,0.0161374110584779
"domain_43","Spasial","fastsae_bayes",0.74995553698262,0.747219857676818,0.0148535517185076
"domain_44","Spasial","fastsae_bayes",0.651838612742568,0.649606595211523,0.019154097265669
"domain_45","Spasial","fastsae_bayes",0.644894237309098,0.648123949712284,0.016529457327942
"domain_46","Spasial","fastsae_bayes",0.736785058758259,0.732331664894259,0.0194174935564139
"domain_47","Spasial","fastsae_bayes",0.642436498510832,0.64218478511489,0.0175861364020575
"domain_48","Spasial","fastsae_bayes",0.603811877720496,0.606465981201973,0.0182933076925724
"domain_49","Spasial","fastsae_bayes",0.574437878341971,0.572713085286739,0.020349525185547
"domain_50","Spasial","fastsae_bayes",0.441130077851427,0.451639510161218,0.00979323128671343
"domain_01","Non-Spasial","tipsae",0.655707474794527,0.650710064568863,0.0174845171021708
"domain_02","Non-Spasial","tipsae",0.541470614799992,0.540514670394349,0.0288089225307562
"domain_03","Non-Spasial","tipsae",0.607954290775224,0.613930744916997,0.0202315817091517
"domain_04","Non-Spasial","tipsae",0.559720972355693,0.566854350469702,0.0197030048963272
"domain_05","Non-Spasial","tipsae",0.652501787832224,0.648082030314803,0.0172716534938588
"domain_06","Non-Spasial","tipsae",0.577403606500542,0.581391543011488,0.0149402783939003
"domain_07","Non-Spasial","tipsae",0.608758449403804,0.607415436924452,0.0184638315053577
"domain_08","Non-Spasial","tipsae",0.535967231943909,0.545852175883524,0.0200184185564394
"domain_09","Non-Spasial","tipsae",0.557867722063263,0.562967942203864,0.0178428132461979
"domain_10","Non-Spasial","tipsae",0.635503912826909,0.634860678094179,0.0213700755112378
"domain_11","Non-Spasial","tipsae",0.550454535917203,0.560459563332745,0.0206390415746291
"domain_12","Non-Spasial","tipsae",0.615311792601431,0.613198933119761,0.0196760275066191
"domain_13","Non-Spasial","tipsae",0.638448601080337,0.636946370902246,0.0158548377559496
"domain_14","Non-Spasial","tipsae",0.610115935329537,0.612902378179625,0.0212599927508503
"domain_15","Non-Spasial","tipsae",0.604293818365509,0.609383780867341,0.0163112587122503
"domain_16","Non-Spasial","tipsae",0.503993650355867,0.517329024506508,0.0277501363812014
"domain_17","Non-Spasial","tipsae",0.605570243169443,0.617166219550454,0.0177834166402909
"domain_18","Non-Spasial","tipsae",0.493975659090514,0.497163665832741,0.0259885902841199
"domain_19","Non-Spasial","tipsae",0.697357332742289,0.694457625966926,0.0192737723791346
"domain_20","Non-Spasial","tipsae",0.553159555947066,0.558457086404667,0.0164408061691687
"domain_21","Non-Spasial","tipsae",0.634849729626542,0.630699049973228,0.0168911858296611
"domain_22","Non-Spasial","tipsae",0.658413167691716,0.653836247511876,0.0175959113205128
"domain_23","Non-Spasial","tipsae",0.626053575113812,0.625375337365075,0.0212603932750905
"domain_24","Non-Spasial","tipsae",0.710993404913874,0.703532300846262,0.0157332619262717
"domain_25","Non-Spasial","tipsae",0.567260701191169,0.567992882250262,0.0154733656234613
"domain_26","Non-Spasial","tipsae",0.655391996353004,0.654824900425538,0.0161204466650603
"domain_27","Non-Spasial","tipsae",0.557413123701219,0.552294527778524,0.0196334640011451
"domain_28","Non-Spasial","tipsae",0.753586480520972,0.751193916212158,0.0150375130053966
"domain_29","Non-Spasial","tipsae",0.668223315712129,0.673705053638718,0.0194018088111287
"domain_30","Non-Spasial","tipsae",0.602136805185155,0.604160141382687,0.0186762056573119
"domain_31","Non-Spasial","tipsae",0.678361485460415,0.667054784271601,0.0168267669206811
"domain_32","Non-Spasial","tipsae",0.544101622557379,0.546368443157481,0.0263337839997053
"domain_33","Non-Spasial","tipsae",0.721993301780832,0.718067517755585,0.0179119728697504
"domain_34","Non-Spasial","tipsae",0.545295249676903,0.546417834661415,0.0179396919983511
"domain_35","Non-Spasial","tipsae",0.514532847789276,0.522340023705232,0.0193946932783343
"domain_36","Non-Spasial","tipsae",0.623124394376285,0.619498430658917,0.0253832976119066
"domain_37","Non-Spasial","tipsae",0.680537640669923,0.6822371533731,0.0226215606516294
"domain_38","Non-Spasial","tipsae",0.621225822287012,0.623338200810299,0.0177036818437281
"domain_39","Non-Spasial","tipsae",0.572004725440595,0.573823290972846,0.01693220725582
"domain_40","Non-Spasial","tipsae",0.701529645558963,0.693894090070446,0.018035892695742
"domain_41","Non-Spasial","tipsae",0.774026590395917,0.76327459896871,0.0161540057078834
"domain_42","Non-Spasial","tipsae",0.48594613810494,0.502333628662788,0.0231096734286847
"domain_43","Non-Spasial","tipsae",0.717377502626306,0.706583678024729,0.0229107151957407
"domain_44","Non-Spasial","tipsae",0.58939753106547,0.592564642766495,0.0191674669988083
"domain_45","Non-Spasial","tipsae",0.688420126587309,0.683967676072786,0.0216261030301233
"domain_46","Non-Spasial","tipsae",0.496957797514785,0.497777998782951,0.0187765594192327
"domain_47","Non-Spasial","tipsae",0.610101215543203,0.6096050587013,0.0240207357313143
"domain_48","Non-Spasial","tipsae",0.561008576054657,0.569515646364306,0.0223740281031211
"domain_49","Non-Spasial","tipsae",0.593016256254342,0.583959282993075,0.021570301974245
"domain_50","Non-Spasial","tipsae",0.551242937480658,0.55803539386839,0.0198607764711289
"domain_01","Spasial","tipsae",0.647643786207248,0.646011481548504,0.0160315003480935
"domain_02","Spasial","tipsae",0.595397563511899,0.596313289788361,0.0176665879795119
"domain_03","Spasial","tipsae",0.662540867504487,0.661941962444705,0.0189425761752303
"domain_04","Spasial","tipsae",0.648287427331937,0.647263732746456,0.0187433800801249
"domain_05","Spasial","tipsae",0.722936749994952,0.711845162812943,0.0147810598050383
"domain_06","Spasial","tipsae",0.450387180067645,0.463598877079591,0.0159183463965537
"domain_07","Spasial","tipsae",0.665211887691293,0.657083301456586,0.0220434359195197
"domain_08","Spasial","tipsae",0.519697438139796,0.528114931115667,0.0221806433049826
"domain_09","Spasial","tipsae",0.562115685856366,0.559487921476288,0.0184449028292293
"domain_10","Spasial","tipsae",0.651402611283316,0.651584497330762,0.0203372046277188
"domain_11","Spasial","tipsae",0.571344446804459,0.570688374571131,0.0166130993034739
"domain_12","Spasial","tipsae",0.663248839928652,0.664036094786849,0.016014684200793
"domain_13","Spasial","tipsae",0.641715957050564,0.64473248298705,0.0208235997933683
"domain_14","Spasial","tipsae",0.464805923585599,0.480874035995599,0.0224158429208159
"domain_15","Spasial","tipsae",0.660165351427824,0.651164463094951,0.0155444222881421
"domain_16","Spasial","tipsae",0.678914282465898,0.675836494852731,0.0172604596399435
"domain_17","Spasial","tipsae",0.591046019964774,0.5963095114331,0.0178531254718409
"domain_18","Spasial","tipsae",0.538669192655326,0.537108106049666,0.020146612162476
"domain_19","Spasial","tipsae",0.592010709731516,0.588567343821155,0.0183562582963481
"domain_20","Spasial","tipsae",0.682626422227953,0.676983356567152,0.0210229376890841
"domain_21","Spasial","tipsae",0.600776583980829,0.606375652148154,0.0197769771938537
"domain_22","Spasial","tipsae",0.614499987515234,0.614081266575634,0.0224077496802018
"domain_23","Spasial","tipsae",0.643246877302556,0.644572336413765,0.0223319456652284
"domain_24","Spasial","tipsae",0.559353416827055,0.572829893425403,0.012997102615291
"domain_25","Spasial","tipsae",0.59356296419932,0.599242743894529,0.0145174637687744
"domain_26","Spasial","tipsae",0.614953060544424,0.619283930060134,0.0135207949544458
"domain_27","Spasial","tipsae",0.625990992891451,0.621663806062007,0.0144272200356725
"domain_28","Spasial","tipsae",0.52527107657408,0.531932349740845,0.0159353092598038
"domain_29","Spasial","tipsae",0.579957538757844,0.579461732226806,0.0209067961761604
"domain_30","Spasial","tipsae",0.577909667801558,0.577084371168294,0.0191104099039245
"domain_31","Spasial","tipsae",0.654972597247606,0.652104908806636,0.0197419414336357
"domain_32","Spasial","tipsae",0.716944670855043,0.707735421659847,0.014698655787795
"domain_33","Spasial","tipsae",0.64729906675411,0.645739356086353,0.0213939588956006
"domain_34","Spasial","tipsae",0.742297384610336,0.728242556366084,0.0192961896225678
"domain_35","Spasial","tipsae",0.639597836336714,0.637473475687881,0.0178842315504627
"domain_36","Spasial","tipsae",0.692725608036359,0.687832520722174,0.0168374717069525
"domain_37","Spasial","tipsae",0.664971026135754,0.658574422589567,0.0168353394797197
"domain_38","Spasial","tipsae",0.626427052226917,0.621426314364,0.0201615745063718
"domain_39","Spasial","tipsae",0.473028746444014,0.475414312381946,0.0222952992910194
"domain_40","Spasial","tipsae",0.50601383733333,0.503242433691283,0.023112011827517
"domain_41","Spasial","tipsae",0.767336112020669,0.763172315568885,0.0145574886743027
"domain_42","Spasial","tipsae",0.783671571958521,0.773250030355601,0.0164772677261013
"domain_43","Spasial","tipsae",0.74995553698262,0.747781755307357,0.0154830893211517
"domain_44","Spasial","tipsae",0.651838612742568,0.64944635450542,0.0193036704965201
"domain_45","Spasial","tipsae",0.644894237309098,0.647418311808029,0.0168691476994798
"domain_46","Spasial","tipsae",0.736785058758259,0.733218962492045,0.0199719306053442
"domain_47","Spasial","tipsae",0.642436498510832,0.642304354285454,0.0175401145982618
"domain_48","Spasial","tipsae",0.603811877720496,0.606600684992442,0.0188313791661618
"domain_49","Spasial","tipsae",0.574437878341971,0.573813726924847,0.0202834145657386
"domain_50","Spasial","tipsae",0.441130077851427,0.4514193757623,0.0103331208808255
"domain_01","Non-Spasial","fastsaegpu",0.655707474794527,0.649442570209503,0.0179940682697382
"domain_02","Non-Spasial","fastsaegpu",0.541470614799992,0.541459344625473,0.0284468431181253
"domain_03","Non-Spasial","fastsaegpu",0.607954290775224,0.613441786766052,0.0204452696234883
"domain_04","Non-Spasial","fastsaegpu",0.559720972355693,0.566389820575714,0.0196706671598084
"domain_05","Non-Spasial","fastsaegpu",0.652501787832224,0.647551019191742,0.017262119734744
"domain_06","Non-Spasial","fastsaegpu",0.577403606500542,0.580820186138153,0.0145137649663545
"domain_07","Non-Spasial","fastsaegpu",0.608758449403804,0.607682845592499,0.0179508717534162
"domain_08","Non-Spasial","fastsaegpu",0.535967231943909,0.54583726644516,0.0190425476016177
"domain_09","Non-Spasial","fastsaegpu",0.557867722063263,0.561677417755127,0.0182146694608647
"domain_10","Non-Spasial","fastsaegpu",0.635503912826909,0.635348272323608,0.0211212530618324
"domain_11","Non-Spasial","fastsaegpu",0.550454535917203,0.557114572525024,0.0204678725416975
"domain_12","Non-Spasial","fastsaegpu",0.615311792601431,0.613637945652008,0.0197580543911361
"domain_13","Non-Spasial","fastsaegpu",0.638448601080337,0.638005518913269,0.015480318281824
"domain_14","Non-Spasial","fastsaegpu",0.610115935329537,0.612643754482269,0.0211275887293156
"domain_15","Non-Spasial","fastsaegpu",0.604293818365509,0.608532576560974,0.0163448609381285
"domain_16","Non-Spasial","fastsaegpu",0.503993650355867,0.516716966629028,0.0277877468957943
"domain_17","Non-Spasial","fastsaegpu",0.605570243169443,0.615806329250336,0.0181700044856623
"domain_18","Non-Spasial","fastsaegpu",0.493975659090514,0.498937802314758,0.0258256442785868
"domain_19","Non-Spasial","fastsaegpu",0.697357332742289,0.69270702123642,0.0188512044622757
"domain_20","Non-Spasial","fastsaegpu",0.553159555947066,0.559179499149323,0.0166840764568979
"domain_21","Non-Spasial","fastsaegpu",0.634849729626542,0.630695803165436,0.0167754152113688
"domain_22","Non-Spasial","fastsaegpu",0.658413167691716,0.650786762237549,0.0183721210033597
"domain_23","Non-Spasial","fastsaegpu",0.626053575113812,0.625277318954468,0.0206133605137743
"domain_24","Non-Spasial","fastsaegpu",0.710993404913874,0.702153608798981,0.0160633819282184
"domain_25","Non-Spasial","fastsaegpu",0.567260701191169,0.569722599983215,0.0153250173289396
"domain_26","Non-Spasial","fastsaegpu",0.655391996353004,0.653938846588135,0.0156727744108954
"domain_27","Non-Spasial","fastsaegpu",0.557413123701219,0.55395571231842,0.0191553560006707
"domain_28","Non-Spasial","fastsaegpu",0.753586480520972,0.748082323074341,0.0156366544081236
"domain_29","Non-Spasial","fastsaegpu",0.668223315712129,0.671007025241852,0.0192414158788102
"domain_30","Non-Spasial","fastsaegpu",0.602136805185155,0.60299978017807,0.0191654191030542
"domain_31","Non-Spasial","fastsaegpu",0.678361485460415,0.666510825157166,0.0167996099882765
"domain_32","Non-Spasial","fastsaegpu",0.544101622557379,0.545516885519028,0.0260757619488593
"domain_33","Non-Spasial","fastsaegpu",0.721993301780832,0.714960618019104,0.0172923993166949
"domain_34","Non-Spasial","fastsaegpu",0.545295249676903,0.547473139762878,0.0179485512657794
"domain_35","Non-Spasial","fastsaegpu",0.514532847789276,0.522804049253464,0.0195452322516063
"domain_36","Non-Spasial","fastsaegpu",0.623124394376285,0.620879902839661,0.0247440577247831
"domain_37","Non-Spasial","fastsaegpu",0.680537640669923,0.679525787830353,0.0220569240383059
"domain_38","Non-Spasial","fastsaegpu",0.621225822287012,0.622635946273804,0.0169355411157728
"domain_39","Non-Spasial","fastsaegpu",0.572004725440595,0.571659407615662,0.0168923832750272
"domain_40","Non-Spasial","fastsaegpu",0.701529645558963,0.693888831138611,0.0178973401573021
"domain_41","Non-Spasial","fastsaegpu",0.774026590395917,0.762842366695404,0.0155702821455602
"domain_42","Non-Spasial","fastsaegpu",0.48594613810494,0.502648515701294,0.0233897991803613
"domain_43","Non-Spasial","fastsaegpu",0.717377502626306,0.705970034599304,0.022650102763649
"domain_44","Non-Spasial","fastsaegpu",0.58939753106547,0.589336149692535,0.0194691250467949
"domain_45","Non-Spasial","fastsaegpu",0.688420126587309,0.685365264415741,0.0209933682422411
"domain_46","Non-Spasial","fastsaegpu",0.496957797514785,0.498408323526382,0.0186324489475285
"domain_47","Non-Spasial","fastsaegpu",0.610101215543203,0.6116286277771,0.023807214849429
"domain_48","Non-Spasial","fastsaegpu",0.561008576054657,0.570668017864227,0.022326576216347
"domain_49","Non-Spasial","fastsaegpu",0.593016256254342,0.585319678783417,0.0212961946918055
"domain_50","Non-Spasial","fastsaegpu",0.551242937480658,0.557834823131561,0.0200896928821996
"domain_01","Spasial","fastsaegpu",0.647643786207248,0.645289278030395,0.0158984392223776
"domain_02","Spasial","fastsaegpu",0.595397563511899,0.594941704273224,0.017823503795172
"domain_03","Spasial","fastsaegpu",0.662540867504487,0.660583939552307,0.0190895473183302
"domain_04","Spasial","fastsaegpu",0.648287427331937,0.647282104492187,0.0187110551306487
"domain_05","Spasial","fastsaegpu",0.722936749994952,0.708780741691589,0.0141499059734336
"domain_06","Spasial","fastsaegpu",0.450387180067645,0.465722354650497,0.0154066947402491
"domain_07","Spasial","fastsaegpu",0.665211887691293,0.656482021808624,0.0218610088098137
"domain_08","Spasial","fastsaegpu",0.519697438139796,0.525635815858841,0.0215152517313414
"domain_09","Spasial","fastsaegpu",0.562115685856366,0.55971638917923,0.0182188427547992
"domain_10","Spasial","fastsaegpu",0.651402611283316,0.650477001667023,0.0208024559029742
"domain_11","Spasial","fastsaegpu",0.571344446804459,0.573806614875793,0.0158860281942064
"domain_12","Spasial","fastsaegpu",0.663248839928652,0.660785391330719,0.0155295826129353
"domain_13","Spasial","fastsaegpu",0.641715957050564,0.639601578712463,0.0202529948448499
"domain_14","Spasial","fastsaegpu",0.464805923585599,0.484644111394882,0.0229268942905399
"domain_15","Spasial","fastsaegpu",0.660165351427824,0.649501340389252,0.0152083917316198
"domain_16","Spasial","fastsaegpu",0.678914282465898,0.675298585891724,0.0171381919525821
"domain_17","Spasial","fastsaegpu",0.591046019964774,0.594645700454712,0.0176683120115774
"domain_18","Spasial","fastsaegpu",0.538669192655326,0.538780611753464,0.020317853970247
"domain_19","Spasial","fastsaegpu",0.592010709731516,0.589910988807678,0.0183765051939862
"domain_20","Spasial","fastsaegpu",0.682626422227953,0.676153211593628,0.0207065786913298
"domain_21","Spasial","fastsaegpu",0.600776583980829,0.604168276786804,0.0196477272116338
"domain_22","Spasial","fastsaegpu",0.614499987515234,0.614226777553558,0.0218508710093447
"domain_23","Spasial","fastsaegpu",0.643246877302556,0.64279299736023,0.022221147466943
"domain_24","Spasial","fastsaegpu",0.559353416827055,0.574177906513214,0.0128990653721752
"domain_25","Spasial","fastsaegpu",0.59356296419932,0.598694484233856,0.0141709209564112
"domain_26","Spasial","fastsaegpu",0.614953060544424,0.618477833271027,0.0131526023769086
"domain_27","Spasial","fastsaegpu",0.625990992891451,0.618823161125183,0.0141042363501632
"domain_28","Spasial","fastsaegpu",0.52527107657408,0.534692949056625,0.0155999234504929
"domain_29","Spasial","fastsaegpu",0.579957538757844,0.579738018512726,0.021120376721724
"domain_30","Spasial","fastsaegpu",0.577909667801558,0.574248425960541,0.0190844819640809
"domain_31","Spasial","fastsaegpu",0.654972597247606,0.651876041889191,0.0196037250852278
"domain_32","Spasial","fastsaegpu",0.716944670855043,0.708251311779022,0.014300633294907
"domain_33","Spasial","fastsaegpu",0.64729906675411,0.648264119625092,0.0212846382048587
"domain_34","Spasial","fastsaegpu",0.742297384610336,0.724886741638184,0.0195991806506688
"domain_35","Spasial","fastsaegpu",0.639597836336714,0.639148333072662,0.0179098998295726
"domain_36","Spasial","fastsaegpu",0.692725608036359,0.684998250007629,0.0164575668141526
"domain_37","Spasial","fastsaegpu",0.664971026135754,0.66279905796051,0.015911523916953
"domain_38","Spasial","fastsaegpu",0.626427052226917,0.622034707069397,0.0194740185955161
"domain_39","Spasial","fastsaegpu",0.473028746444014,0.476273962259293,0.0215430062394603
"domain_40","Spasial","fastsaegpu",0.50601383733333,0.503757326602936,0.022643942705877
"domain_41","Spasial","fastsaegpu",0.767336112020669,0.763028862476349,0.0149303560382176
"domain_42","Spasial","fastsaegpu",0.783671571958521,0.772776935100555,0.0165393762800941
"domain_43","Spasial","fastsaegpu",0.74995553698262,0.745867772102356,0.0148806450493191
"domain_44","Spasial","fastsaegpu",0.651838612742568,0.651046230792999,0.0193979748230232
"domain_45","Spasial","fastsaegpu",0.644894237309098,0.646710004806519,0.0161337195565583
"domain_46","Spasial","fastsaegpu",0.736785058758259,0.731829035282135,0.0194663143861339
"domain_47","Spasial","fastsaegpu",0.642436498510832,0.640337364673614,0.0175119837940793
"domain_48","Spasial","fastsaegpu",0.603811877720496,0.606177303791046,0.0185480724085756
"domain_49","Spasial","fastsaegpu",0.574437878341971,0.570183444023132,0.0206877564552856
"domain_50","Spasial","fastsaegpu",0.441130077851427,0.449437320232391,0.00927513546549176
